"resource_id","service_name","region_zone","cpu_utilization_percent","memory_utilization_percent","rounded_cost_usd","recommendation","estimated_savings_usd"
"res-ST6BAJ2N","Cloud Dataproc","europe-north1","92.72","70.42","5004.0","Healthy","0.0"
"res-TYGNR0RV","Pub/Sub","europe-west1","37.78","46.8","4710.0","Healthy","0.0"
"res-S3I9C869","BigQuery","southamerica-east1","82.54","59.47","843.0","Healthy","0.0"
"res-1RY9BZ6G","Cloud Endpoints","us-central1","86.68","97.63","1822.0","Healthy","0.0"
"res-S3HQYIZ2","Cloud Spanner","asia-southeast1","82.95","21.58","2046.0","Low Risk - Review Memory Allocation","409.2"
"res-MWGCR6VT","Cloud Run","europe-north1","32.36","95.15","447.0","Healthy","0.0"
"res-FSWKHTQW","Cloud CDN","europe-west1","12.21","62.31","1948.0","Medium Risk - Rightsize Resource","779.2"
"res-S7I6Z6JD","Cloud Run","asia-southeast1","59.18","6.07","240.0","Low Risk - Review Memory Allocation","48.0"
"res-U3CCWT2L","Cloud VPN","northamerica-northeast1","36.67","9.41","762.0","Low Risk - Review Memory Allocation","152.4"
"res-4DX4UZEY","Firestore","australia-southeast1","96.4","52.4","2711.0","Healthy","0.0"
"res-JAL9EY6P","Compute Engine","europe-west1","68.28","26.56","385.0","Low Risk - Review Memory Allocation","77.0"
"res-B4GZM2Q6","AI Platform","europe-west1","12.91","5.41","800.0","Medium Risk - Rightsize Resource","320.0"
"res-012HZFAA","Cloud Interconnect","us-central1","53.93","14.51","1186.0","Low Risk - Review Memory Allocation","237.2"
"res-ELZMGAPV","Pub/Sub","asia-east1","73.72","1.94","305.0","Low Risk - Review Memory Allocation","61.0"
"res-XACLYR7O","Cloud CDN","us-east1","43.57","32.42","2156.0","Healthy","0.0"
"res-O0Y1GSUY","AI Platform","asia-east1","47.61","86.01","759.0","Healthy","0.0"
"res-S3LT44XO","Cloud Build","asia-east1","93.56","2.89","3653.0","Low Risk - Review Memory Allocation","730.6"
"res-4FELBDAQ","Cloud Armor","us-east1","98.66","51.52","3001.0","Healthy","0.0"
"res-8DBLI7MV","Pub/Sub","asia-southeast1","20.25","49.89","471.0","Healthy","0.0"
"res-KI6SEH8K","Cloud VPN","southamerica-east1","71.48","83.84","1370.0","Healthy","0.0"
"res-QTQQHAC7","Pub/Sub","southamerica-east1","55.53","76.7","4827.0","Healthy","0.0"
"res-4F4ZI2VT","Firestore","australia-southeast1","78.9","60.38","1141.0","Healthy","0.0"
"res-EJ3TCI72","Compute Engine","northamerica-northeast1","22.41","61.79","794.0","Healthy","0.0"
"res-27V25S4F","Cloud VPN","us-central1","97.47","35.99","749.0","Healthy","0.0"
"res-T91EICVM","Cloud Load Balancing","southamerica-east1","65.57","42.91","3218.0","Healthy","0.0"
"res-251A50KH","Cloud Armor","europe-north1","27.7","72.18","5640.0","Healthy","0.0"
"res-3JSZVG7Z","Cloud Spanner","europe-west3","89.39","91.02","1840.0","Healthy","0.0"
"res-5O0LZKYC","BigQuery","europe-north1","63.32","46.75","3578.0","Healthy","0.0"
"res-PGHLRRI4","Cloud Load Balancing","northamerica-northeast1","62.15","16.46","273.0","Low Risk - Review Memory Allocation","54.6"
"res-E5DZLWUA","Dataflow","northamerica-northeast1","63.68","9.91","190.0","Low Risk - Review Memory Allocation","38.0"
"res-A6LFJNRY","Compute Engine","southamerica-east1","67.5","76.78","848.0","Healthy","0.0"
"res-CWFW5Z7I","Cloud Dataproc","australia-southeast1","23.65","80.19","4918.0","Healthy","0.0"
"res-UEL2KJBD","Cloud VPC","us-west1","66.82","57.94","2188.0","Healthy","0.0"
"res-2NWIUO2C","Cloud Load Balancing","asia-east1","72.08","28.06","2024.0","Low Risk - Review Memory Allocation","404.8"
"res-TDYG7ESV","Cloud NAT","europe-north1","19.59","95.71","2611.0","Medium Risk - Rightsize Resource","1044.4"
"res-66L7XN4J","AI Platform","europe-west1","5.7","31.59","34.0","Medium Risk - Rightsize Resource","13.6"
"res-SG6WQFX8","Cloud Armor","us-west1","44.97","13.16","2352.0","Low Risk - Review Memory Allocation","470.4"
"res-6EL50YPV","Cloud CDN","europe-north1","84.06","47.12","1522.0","Healthy","0.0"
"res-ALHVTEHO","Kubernetes Engine","us-east1","49.67","26.17","840.0","Low Risk - Review Memory Allocation","168.0"
"res-Y3DP4TQK","Cloud Run","us-west1","4.03","16.21","178.0","High Risk - Terminate or Downsize","124.6"
"res-XGSQU6G9","Dataflow","europe-west1","30.13","51.99","179.0","Healthy","0.0"
"res-JYW9QXTH","Cloud Functions","europe-west3","31.07","40.3","123.0","Healthy","0.0"
"res-M0XOPAGW","Cloud Armor","australia-southeast1","45.3","95.77","705.0","Healthy","0.0"
"res-HLWAGRJX","Pub/Sub","us-east1","5.46","98.89","4047.0","Medium Risk - Rightsize Resource","1618.8"
"res-TH2HV714","Firestore","europe-west3","57.12","76.38","5948.0","Healthy","0.0"
"res-NGNWFF0O","Pub/Sub","asia-northeast1","62.01","51.31","1126.0","Healthy","0.0"
"res-UB3MG63E","Cloud NAT","us-west1","99.71","0.93","720.0","Low Risk - Review Memory Allocation","144.0"
"res-P0IB37XB","Cloud Spanner","asia-southeast1","95.28","57.91","177.0","Healthy","0.0"
"res-8DMDOAEB","Cloud Load Balancing","southamerica-east1","59.72","17.93","4593.0","Low Risk - Review Memory Allocation","918.6"
"res-ZWIM5IQO","Cloud Load Balancing","southamerica-east1","7.86","24.27","2303.0","High Risk - Terminate or Downsize","1612.1"
"res-ND973JKK","Cloud SQL","us-east1","98.05","41.43","5290.0","Healthy","0.0"
"res-RMU6GKFR","Cloud Memorystore","asia-east1","30.7","10.91","2470.0","Low Risk - Review Memory Allocation","494.0"
"res-4DS5ZYPH","Cloud Run","us-central1","19.26","8.78","145.0","Medium Risk - Rightsize Resource","58.0"
"res-5K3QHZV3","Cloud Functions","asia-southeast1","68.32","2.37","434.0","Low Risk - Review Memory Allocation","86.8"
"res-N3JA77XL","Compute Engine","asia-northeast1","76.61","96.05","190.0","Healthy","0.0"
"res-SSBP7G7A","BigQuery","asia-east1","29.67","96.85","1596.0","Healthy","0.0"
"res-8EKE64Y9","Cloud Spanner","us-central1","55.96","8.8","8468.0","Low Risk - Review Memory Allocation","1693.6"
"res-5JQE0V7N","Container Registry","us-west1","54.59","42.02","1829.0","Healthy","0.0"
"res-IGDCS3TU","Cloud Load Balancing","europe-north1","15.27","94.05","1739.0","Medium Risk - Rightsize Resource","695.6"
"res-UPEK7TGF","Cloud Armor","europe-west3","88.22","64.11","1476.0","Healthy","0.0"
"res-Q31L0E0M","Cloud Interconnect","us-central1","68.3","65.19","185.0","Healthy","0.0"
"res-3DE1XB74","Cloud SQL","asia-northeast1","91.67","72.89","343.0","Healthy","0.0"
"res-WRHTSLS8","Cloud Endpoints","europe-west1","74.75","64.91","1336.0","Healthy","0.0"
"res-YAJ9RWIJ","Cloud Memorystore","us-east1","67.13","85.12","7239.0","Healthy","0.0"
"res-J1A4NFH8","Cloud VPN","us-east1","32.32","14.03","4870.0","Low Risk - Review Memory Allocation","974.0"
"res-EALEFOKP","Compute Engine","us-west1","46.3","93.62","133.0","Healthy","0.0"
"res-WN4BM9FD","BigQuery","australia-southeast1","99.56","53.42","5470.0","Healthy","0.0"
"res-TATL6NKT","Cloud NAT","asia-southeast1","35.67","78.98","158.0","Healthy","0.0"
"res-OJK06WNM","Container Registry","europe-west3","0.17","34.07","735.0","Medium Risk - Rightsize Resource","294.0"
"res-ASTO68FD","Cloud Dataproc","southamerica-east1","97.14","54.14","455.0","Healthy","0.0"
"res-F3P3S9SJ","Cloud Armor","europe-north1","24.22","20.83","2054.0","Low Risk - Review Memory Allocation","410.8"
"res-R96K0UAA","Dataflow","southamerica-east1","21.65","16.41","202.0","Low Risk - Review Memory Allocation","40.4"
"res-UF72S2ZA","Cloud Build","us-central1","48.26","26.13","7737.0","Low Risk - Review Memory Allocation","1547.4"
"res-SPITPRK0","Compute Engine","us-central1","64.54","62.33","505.0","Healthy","0.0"
"res-KENC5DI4","Cloud Interconnect","europe-north1","14.87","73.22","1023.0","Medium Risk - Rightsize Resource","409.2"
"res-N4DACW72","Cloud CDN","asia-southeast1","58.59","56.39","735.0","Healthy","0.0"
"res-UMDNFSOR","AI Platform","us-central1","62.22","76.15","168.0","Healthy","0.0"
"res-PAQEKYLT","Container Registry","europe-west1","40.49","63.72","5539.0","Healthy","0.0"
"res-7WNF8X7W","Cloud VPC","asia-east1","8.38","45.3","1230.0","Medium Risk - Rightsize Resource","492.0"
"res-183YWOLN","Cloud Armor","europe-west1","83.58","21.8","3845.0","Low Risk - Review Memory Allocation","769.0"
"res-QZSVFSSA","Cloud Spanner","southamerica-east1","7.74","32.63","3208.0","Medium Risk - Rightsize Resource","1283.2"
"res-ACEAM0OK","Cloud Dataproc","australia-southeast1","69.75","67.91","8428.0","Healthy","0.0"
"res-S463U44F","Cloud Memorystore","europe-west1","53.21","24.7","2956.0","Low Risk - Review Memory Allocation","591.2"
"res-1MJM7FDN","Cloud CDN","europe-west3","0.15","73.37","1308.0","Medium Risk - Rightsize Resource","523.2"
"res-5ZMFEUSN","Cloud VPN","southamerica-east1","17.81","79.33","2666.0","Medium Risk - Rightsize Resource","1066.4"
"res-0XZC95XI","Cloud Interconnect","us-east1","48.02","36.94","1488.0","Healthy","0.0"
"res-UYX9HR56","Cloud Build","us-east1","99.31","49.17","4708.0","Healthy","0.0"
"res-DJA0J2HT","Container Registry","us-east1","43.51","62.0","7116.0","Healthy","0.0"
"res-YFTXHZ6V","Cloud VPC","us-west1","53.93","12.52","5104.0","Low Risk - Review Memory Allocation","1020.8"
"res-IF612JJD","Cloud Run","us-east1","14.82","44.84","183.0","Medium Risk - Rightsize Resource","73.2"
"res-P48QXSH3","Cloud Build","southamerica-east1","2.24","9.65","2419.0","High Risk - Terminate or Downsize","1693.3"
"res-DMQNKYQI","Container Registry","europe-west3","74.51","0.51","3096.0","Low Risk - Review Memory Allocation","619.2"
"res-W17TJLS5","Cloud SQL","northamerica-northeast1","97.03","1.48","3018.0","Low Risk - Review Memory Allocation","603.6"
"res-Y743O1KJ","Cloud Endpoints","northamerica-northeast1","69.4","27.67","1758.0","Low Risk - Review Memory Allocation","351.6"
"res-UOBIS97Y","Cloud Run","asia-northeast1","9.36","66.82","1242.0","Medium Risk - Rightsize Resource","496.8"
"res-IPSRXLS0","Cloud Spanner","europe-west1","24.73","11.63","3670.0","Low Risk - Review Memory Allocation","734.0"
"res-028HLTIJ","Cloud NAT","europe-west1","92.06","55.33","2869.0","Healthy","0.0"
"res-NOJL21YR","Cloud Functions","asia-east1","56.82","65.99","184.0","Healthy","0.0"
"res-IPXAPWCU","Cloud Run","southamerica-east1","88.6","1.48","307.0","Low Risk - Review Memory Allocation","61.4"
"res-3MIS5OW4","Firestore","asia-northeast1","35.52","38.97","4907.0","Healthy","0.0"
"res-4AA89AW0","Cloud Storage","northamerica-northeast1","95.36","86.53","856.0","Healthy","0.0"
"res-50ENK9SD","Cloud Load Balancing","southamerica-east1","32.05","19.1","1549.0","Low Risk - Review Memory Allocation","309.8"
"res-EL6QGI8H","Cloud VPC","europe-north1","43.21","68.35","2294.0","Healthy","0.0"
"res-I30ERORH","Compute Engine","northamerica-northeast1","32.28","84.95","916.0","Healthy","0.0"
"res-WZAXU5QI","Cloud CDN","us-west1","60.91","22.03","2569.0","Low Risk - Review Memory Allocation","513.8"
"res-BPP2I4JY","Cloud Spanner","asia-east1","75.38","12.43","1514.0","Low Risk - Review Memory Allocation","302.8"
"res-SXTAFMSQ","Cloud CDN","asia-southeast1","45.44","58.32","2156.0","Healthy","0.0"
"res-6QQFCS6P","Kubernetes Engine","southamerica-east1","48.49","79.99","361.0","Healthy","0.0"
"res-3XQFDWRL","Pub/Sub","us-east1","53.57","54.26","1387.0","Healthy","0.0"
"res-332C4VUK","BigQuery","europe-north1","7.93","58.75","5570.0","Medium Risk - Rightsize Resource","2228.0"
"res-9BI125KP","Compute Engine","australia-southeast1","59.0","10.81","326.0","Low Risk - Review Memory Allocation","65.2"
"res-WSIQKZD2","Cloud SQL","northamerica-northeast1","97.7","32.34","697.0","Healthy","0.0"
"res-S9RSLPXV","Cloud VPC","us-central1","3.71","74.27","814.0","Medium Risk - Rightsize Resource","325.6"
"res-LHYKHUU8","Compute Engine","us-west1","95.19","7.84","1001.0","Low Risk - Review Memory Allocation","200.2"
"res-M8RGW39R","Cloud Storage","europe-west3","13.08","0.58","3622.0","Medium Risk - Rightsize Resource","1448.8"
"res-LXFL51RN","Cloud Dataproc","europe-west1","87.46","12.53","3472.0","Low Risk - Review Memory Allocation","694.4"
"res-QW1X0I92","Compute Engine","asia-east1","20.38","81.34","409.0","Healthy","0.0"
"res-ZRV6SYR0","Cloud Functions","asia-east1","61.98","47.25","354.0","Healthy","0.0"
"res-DYNXWF06","Cloud Storage","us-west1","78.11","49.2","2594.0","Healthy","0.0"
"res-4GSM5UB0","Cloud Load Balancing","us-west1","46.41","97.44","2777.0","Healthy","0.0"
"res-5YOKEQSZ","Cloud Armor","us-east1","1.34","40.77","2236.0","Medium Risk - Rightsize Resource","894.4"
"res-FJ60VPX8","Cloud VPC","northamerica-northeast1","82.75","72.53","1449.0","Healthy","0.0"
"res-IE6CLT4T","Cloud Build","us-west1","84.02","10.6","4906.0","Low Risk - Review Memory Allocation","981.2"
"res-42IIGA5O","BigQuery","us-west1","77.93","82.64","1068.0","Healthy","0.0"
"res-R88AAWSC","BigQuery","us-east1","56.02","94.9","1524.0","Healthy","0.0"
"res-3INHYCC5","Firestore","europe-north1","29.46","51.03","489.0","Healthy","0.0"
"res-CX98PG3J","Cloud CDN","asia-southeast1","89.13","2.68","2576.0","Low Risk - Review Memory Allocation","515.2"
"res-JI5I18V9","Cloud Storage","europe-west1","60.89","34.97","5581.0","Healthy","0.0"
"res-BVU9L5PE","Dataflow","europe-west1","76.25","35.21","545.0","Healthy","0.0"
"res-BI1A8DVI","Cloud Memorystore","europe-west1","73.05","60.61","1988.0","Healthy","0.0"
"res-A6QRE83W","Compute Engine","europe-west1","16.18","49.56","296.0","Medium Risk - Rightsize Resource","118.4"
"res-IVCT1BUF","Cloud Data Fusion","southamerica-east1","2.21","98.03","4607.0","Medium Risk - Rightsize Resource","1842.8"
"res-BX65RY02","AI Platform","northamerica-northeast1","28.89","13.96","266.0","Low Risk - Review Memory Allocation","53.2"
"res-FNMVRLU5","Cloud SQL","asia-southeast1","99.27","57.33","4366.0","Healthy","0.0"
"res-K3BCF3R1","Firestore","asia-east1","59.22","56.06","2616.0","Healthy","0.0"
"res-5DH5XK7R","Cloud VPN","asia-northeast1","86.76","39.16","3731.0","Healthy","0.0"
"res-OIFGN9S6","Cloud CDN","australia-southeast1","37.12","15.38","2936.0","Low Risk - Review Memory Allocation","587.2"
"res-QFCBS0OP","Cloud Storage","southamerica-east1","70.54","72.19","6353.0","Healthy","0.0"
"res-HH25CATI","Cloud Armor","us-west1","88.75","93.94","56.0","Healthy","0.0"
"res-R75ZLOMH","Cloud Memorystore","us-central1","49.21","8.33","2539.0","Low Risk - Review Memory Allocation","507.8"
"res-D8Z8BVYA","Cloud Storage","europe-west1","80.93","21.64","8442.0","Low Risk - Review Memory Allocation","1688.4"
"res-NIS6F5IW","Cloud Functions","europe-west3","92.54","97.74","626.0","Healthy","0.0"
"res-9DJ03H48","Container Registry","asia-east1","43.96","53.32","1357.0","Healthy","0.0"
"res-3SQHP1DE","Cloud Armor","europe-west1","49.06","85.71","1191.0","Healthy","0.0"
"res-07FYPZ25","Kubernetes Engine","europe-west3","23.43","74.89","197.0","Healthy","0.0"
"res-51VG0KX4","Kubernetes Engine","asia-northeast1","81.13","53.15","769.0","Healthy","0.0"
"res-EBIEIX2P","Cloud Data Fusion","europe-north1","58.21","86.88","2841.0","Healthy","0.0"
"res-6ACV3TGJ","Container Registry","asia-east1","49.47","92.47","1247.0","Healthy","0.0"
"res-6TMZ7XGI","Cloud Interconnect","us-central1","64.51","55.66","179.0","Healthy","0.0"
"res-ND8F0M4A","Cloud Run","asia-east1","9.11","91.81","311.0","Medium Risk - Rightsize Resource","124.4"
"res-KEQ8NILK","Dataflow","southamerica-east1","49.39","55.98","261.0","Healthy","0.0"
"res-XQ207VHQ","Cloud Data Fusion","asia-southeast1","61.17","60.41","1424.0","Healthy","0.0"
"res-SJ11891I","Cloud CDN","asia-southeast1","11.67","6.75","5319.0","Medium Risk - Rightsize Resource","2127.6"
"res-H19C9MGQ","Firestore","australia-southeast1","65.78","49.37","617.0","Healthy","0.0"
"res-XIM3O9P0","Pub/Sub","asia-northeast1","47.26","32.4","1889.0","Healthy","0.0"
"res-05LVI8W6","Cloud Data Fusion","asia-east1","75.63","26.47","3567.0","Low Risk - Review Memory Allocation","713.4"
"res-X8HLQJGR","Kubernetes Engine","southamerica-east1","12.48","86.83","390.0","Medium Risk - Rightsize Resource","156.0"
"res-NG4EDZQN","Compute Engine","asia-east1","42.37","10.16","72.0","Low Risk - Review Memory Allocation","14.4"
"res-AK01OOOD","Cloud Build","asia-northeast1","61.56","43.96","4719.0","Healthy","0.0"
"res-X0MRQ1EA","Pub/Sub","us-west1","42.92","44.41","4489.0","Healthy","0.0"
"res-QC42LBFL","Cloud Interconnect","europe-north1","72.64","5.69","548.0","Low Risk - Review Memory Allocation","109.6"
"res-VK89NCIB","AI Platform","asia-east1","53.92","87.64","441.0","Healthy","0.0"
"res-KH6Q1KUH","Cloud Build","europe-west1","57.46","77.24","1593.0","Healthy","0.0"
"res-R4MY6SNT","AI Platform","australia-southeast1","72.28","1.07","68.0","Low Risk - Review Memory Allocation","13.6"
"res-ZOGT34FS","Kubernetes Engine","us-west1","76.93","36.58","317.0","Healthy","0.0"
"res-F9SA2UW2","Firestore","us-west1","12.4","54.56","6308.0","Medium Risk - Rightsize Resource","2523.2"
"res-PEEXNBZM","Cloud Endpoints","europe-north1","79.35","87.01","209.0","Healthy","0.0"
"res-GTEJU4UK","Cloud NAT","northamerica-northeast1","5.93","62.48","1975.0","Medium Risk - Rightsize Resource","790.0"
"res-WFOF16UH","Cloud Load Balancing","europe-west3","76.92","85.55","8260.0","Healthy","0.0"
"res-2SCCW6WM","Pub/Sub","southamerica-east1","8.5","97.79","783.0","Medium Risk - Rightsize Resource","313.2"
"res-QD3IBKRP","Cloud Run","australia-southeast1","61.54","32.76","611.0","Healthy","0.0"
"res-86KNN8SR","AI Platform","europe-west3","68.9","78.67","499.0","Healthy","0.0"
"res-1055YKL2","Cloud VPN","asia-northeast1","37.37","52.97","849.0","Healthy","0.0"
"res-WAAIIIM2","Cloud VPC","asia-east1","91.24","32.24","8176.0","Healthy","0.0"
"res-F1AKU3HS","Cloud Build","us-east1","57.55","24.88","3851.0","Low Risk - Review Memory Allocation","770.2"
"res-GL3BFL4Z","Cloud Interconnect","asia-southeast1","99.65","0.11","46.0","Low Risk - Review Memory Allocation","9.2"
"res-4ZVRCGH1","Cloud Functions","europe-west3","83.66","66.91","452.0","Healthy","0.0"
"res-VH7R6G7G","Cloud VPC","europe-west1","53.13","5.13","2160.0","Low Risk - Review Memory Allocation","432.0"
"res-IO7OE2QW","Cloud NAT","asia-east1","11.45","18.5","629.0","Medium Risk - Rightsize Resource","251.6"
"res-HI37MWQ9","Firestore","us-east1","75.4","25.97","1401.0","Low Risk - Review Memory Allocation","280.2"
"res-XXMU8Z57","Compute Engine","asia-east1","94.98","41.46","709.0","Healthy","0.0"
"res-G8DQRSLB","Kubernetes Engine","europe-north1","71.19","48.74","572.0","Healthy","0.0"
"res-YB8GRSNJ","Cloud Functions","europe-north1","53.2","42.02","171.0","Healthy","0.0"
"res-Q18AS5C1","Dataflow","asia-northeast1","8.0","11.98","373.0","High Risk - Terminate or Downsize","261.1"
"res-NNEGV70F","Container Registry","asia-southeast1","65.74","16.9","980.0","Low Risk - Review Memory Allocation","196.0"
"res-OGI8DBG9","Cloud NAT","southamerica-east1","0.45","17.79","3756.0","High Risk - Terminate or Downsize","2629.2"
"res-B4TR1ASK","Cloud Storage","us-central1","71.17","8.79","317.0","Low Risk - Review Memory Allocation","63.4"
"res-3UA97I0E","Pub/Sub","europe-west1","24.38","21.32","1681.0","Low Risk - Review Memory Allocation","336.2"
"res-VTW7EGMW","Firestore","europe-west3","29.67","59.62","184.0","Healthy","0.0"
"res-2RR6XXID","Cloud VPC","asia-northeast1","25.09","27.26","6690.0","Low Risk - Review Memory Allocation","1338.0"
"res-3JI3YHI8","BigQuery","asia-southeast1","79.92","34.61","91.0","Healthy","0.0"
"res-BZ5W9M5K","AI Platform","asia-northeast1","59.91","83.97","381.0","Healthy","0.0"
"res-F3AE7OUB","Cloud Memorystore","europe-north1","45.38","51.72","51.0","Healthy","0.0"
"res-359KKTUA","Cloud Spanner","southamerica-east1","58.98","64.55","1049.0","Healthy","0.0"
"res-1MDPME6E","Cloud VPC","us-west1","3.02","62.51","728.0","Medium Risk - Rightsize Resource","291.2"
"res-EWB6WO2A","BigQuery","us-east1","68.7","40.39","1978.0","Healthy","0.0"
"res-AG72N60A","Cloud Build","us-central1","3.78","67.68","2432.0","Medium Risk - Rightsize Resource","972.8"
"res-GYU2G1O4","Cloud Endpoints","australia-southeast1","35.5","11.41","5739.0","Low Risk - Review Memory Allocation","1147.8"
"res-X0KL98G2","Cloud Load Balancing","europe-north1","19.14","61.36","891.0","Medium Risk - Rightsize Resource","356.4"
"res-HMB0HL0N","Compute Engine","europe-west1","67.77","0.87","514.0","Low Risk - Review Memory Allocation","102.8"
"res-RL3ZN00U","Cloud Armor","asia-east1","47.88","61.95","602.0","Healthy","0.0"
"res-U7QQJ58L","Cloud Storage","europe-west1","53.88","17.8","1908.0","Low Risk - Review Memory Allocation","381.6"
"res-6B2CMM2G","Cloud Interconnect","europe-west1","78.62","96.73","2116.0","Healthy","0.0"
"res-4TYSS5S3","Cloud Endpoints","asia-northeast1","43.45","69.03","665.0","Healthy","0.0"
"res-Y50DHQFX","Cloud Run","us-central1","81.9","53.13","237.0","Healthy","0.0"
"res-0EVT01ZJ","Container Registry","southamerica-east1","98.92","56.01","3600.0","Healthy","0.0"
"res-BN0T44IH","Cloud Dataproc","asia-southeast1","82.61","97.65","1765.0","Healthy","0.0"
"res-BPLHVSWK","Cloud Build","asia-southeast1","89.32","70.16","3178.0","Healthy","0.0"
"res-7XIEH2GK","Pub/Sub","us-west1","2.97","63.12","4577.0","Medium Risk - Rightsize Resource","1830.8"
"res-1J7E15GY","Cloud Run","southamerica-east1","54.32","14.47","1066.0","Low Risk - Review Memory Allocation","213.2"
"res-0N5EXOOX","Cloud NAT","asia-southeast1","92.88","74.97","6941.0","Healthy","0.0"
"res-BUSP3LSD","Dataflow","asia-southeast1","88.97","30.12","309.0","Healthy","0.0"
"res-0564S9TF","Cloud Storage","us-east1","32.38","33.94","5076.0","Healthy","0.0"
"res-43HSMX9Z","Cloud SQL","asia-northeast1","65.79","61.6","458.0","Healthy","0.0"
"res-ON0OFWM0","Cloud VPN","asia-southeast1","36.04","73.63","3313.0","Healthy","0.0"
"res-736OPXF9","Cloud Run","australia-southeast1","54.59","9.18","1075.0","Low Risk - Review Memory Allocation","215.0"
"res-FQYG4I9V","Cloud CDN","us-west1","7.33","92.83","385.0","Medium Risk - Rightsize Resource","154.0"
"res-95M0B8PU","Cloud Run","asia-east1","78.83","83.98","313.0","Healthy","0.0"
"res-YQ03U4NW","BigQuery","australia-southeast1","17.79","85.61","1877.0","Medium Risk - Rightsize Resource","750.8"
"res-3ECMMHD3","Cloud Armor","asia-east1","38.05","9.48","6892.0","Low Risk - Review Memory Allocation","1378.4"
"res-YDYYGRBW","Cloud Armor","us-west1","46.47","46.44","221.0","Healthy","0.0"
"res-T4P2WKQB","Cloud CDN","australia-southeast1","29.77","58.97","4787.0","Healthy","0.0"
"res-KA8S76JP","Cloud Dataproc","asia-northeast1","26.96","78.62","8755.0","Healthy","0.0"
"res-HUV1NEIA","Cloud VPN","us-central1","44.11","63.35","1220.0","Healthy","0.0"
"res-TMUUSOKX","Cloud Memorystore","australia-southeast1","8.77","37.92","1455.0","Medium Risk - Rightsize Resource","582.0"
"res-SF4TOUWB","Cloud Spanner","asia-northeast1","13.61","33.39","669.0","Medium Risk - Rightsize Resource","267.6"
"res-M10NG09Z","Compute Engine","us-east1","64.56","81.23","781.0","Healthy","0.0"
"res-LHH3C6YV","Cloud VPC","europe-west3","51.03","1.84","5783.0","Low Risk - Review Memory Allocation","1156.6"
"res-NCB7MZNO","Cloud NAT","us-east1","68.78","27.66","772.0","Low Risk - Review Memory Allocation","154.4"
"res-NPBLNHIG","Cloud Run","europe-west1","30.4","68.73","241.0","Healthy","0.0"
"res-82OZQF0P","Cloud Interconnect","europe-west1","73.04","7.02","428.0","Low Risk - Review Memory Allocation","85.6"
"res-YHWPU7BD","Cloud NAT","asia-northeast1","96.9","91.73","1085.0","Healthy","0.0"
"res-X5BAACYY","Cloud Functions","us-west1","5.5","31.02","77.0","Medium Risk - Rightsize Resource","30.8"
"res-WM0B0C31","Cloud Data Fusion","asia-east1","43.49","25.0","1678.0","Low Risk - Review Memory Allocation","335.6"
"res-FCXPJQYL","Cloud Interconnect","europe-west1","11.9","67.98","565.0","Medium Risk - Rightsize Resource","226.0"
"res-38ISYK8S","Cloud Spanner","us-west1","2.68","88.7","4350.0","Medium Risk - Rightsize Resource","1740.0"
"res-E8NJ0KAF","Cloud VPN","us-east1","93.59","69.43","3126.0","Healthy","0.0"
"res-1OOHFVAM","Firestore","asia-northeast1","46.83","38.33","1136.0","Healthy","0.0"
"res-A9LFGMQ4","Cloud Storage","northamerica-northeast1","58.13","46.11","966.0","Healthy","0.0"
"res-PDEQJ7U4","Cloud Load Balancing","asia-northeast1","16.34","95.4","5722.0","Medium Risk - Rightsize Resource","2288.8"
"res-LWGX075A","Cloud Dataproc","southamerica-east1","7.35","60.67","8833.0","Medium Risk - Rightsize Resource","3533.2"
"res-65HI6BOX","Cloud Load Balancing","us-east1","63.29","2.7","4102.0","Low Risk - Review Memory Allocation","820.4"
"res-IOPJEVUT","AI Platform","europe-west1","8.55","52.81","371.0","Medium Risk - Rightsize Resource","148.4"
"res-AQX7XE3J","Cloud Load Balancing","us-west1","5.13","74.47","5160.0","Medium Risk - Rightsize Resource","2064.0"
"res-O0TIM29P","Container Registry","asia-east1","51.38","64.92","2319.0","Healthy","0.0"
"res-3JKQG3E4","Firestore","us-central1","36.35","48.36","106.0","Healthy","0.0"
"res-TDS8CF7O","Cloud Storage","asia-east1","44.68","72.15","398.0","Healthy","0.0"
"res-KSGEF76B","Cloud Load Balancing","us-west1","0.06","26.34","3109.0","Medium Risk - Rightsize Resource","1243.6"
"res-7HPPI6FR","Cloud Run","europe-west1","58.16","83.44","677.0","Healthy","0.0"
"res-R357HHSJ","BigQuery","us-east1","65.62","2.46","545.0","Low Risk - Review Memory Allocation","109.0"
"res-VVSWUAAE","Cloud VPC","us-central1","92.77","41.13","420.0","Healthy","0.0"
"res-5YX2EPSC","Cloud Build","europe-west1","81.75","33.75","5369.0","Healthy","0.0"
"res-URCNWFQT","Container Registry","southamerica-east1","73.31","17.42","433.0","Low Risk - Review Memory Allocation","86.6"
"res-BUIL1EJV","Cloud Spanner","asia-east1","21.38","42.53","1660.0","Healthy","0.0"
"res-VH870SCG","Cloud Functions","asia-southeast1","88.59","93.78","727.0","Healthy","0.0"
"res-QKN93IUQ","Cloud Functions","asia-southeast1","35.7","67.45","539.0","Healthy","0.0"
"res-BZBXUZYI","Pub/Sub","australia-southeast1","62.25","99.81","2922.0","Healthy","0.0"
"res-8OXJAS77","Container Registry","us-west1","41.92","18.62","1686.0","Low Risk - Review Memory Allocation","337.2"
"res-4IJ5Z6XM","Cloud CDN","australia-southeast1","67.64","95.66","114.0","Healthy","0.0"
"res-4RM5Q210","Cloud CDN","asia-northeast1","3.75","27.96","1799.0","Medium Risk - Rightsize Resource","719.6"
"res-K36OUS3E","Cloud Dataproc","europe-west1","44.35","6.1","3609.0","Low Risk - Review Memory Allocation","721.8"
"res-ZCBXMI9R","Cloud Interconnect","us-central1","81.41","14.64","1499.0","Low Risk - Review Memory Allocation","299.8"
"res-B8DX6CAK","Cloud Build","northamerica-northeast1","78.94","83.01","6352.0","Healthy","0.0"
"res-H2ADSWPM","Cloud Build","europe-west1","19.59","92.69","390.0","Medium Risk - Rightsize Resource","156.0"
"res-Z6YLMLP0","Cloud Run","asia-southeast1","51.91","4.78","1076.0","Low Risk - Review Memory Allocation","215.2"
"res-A1U5Y9Z5","Cloud VPC","europe-west3","40.42","70.42","3547.0","Healthy","0.0"
"res-RD9ZXRO7","Cloud Functions","us-west1","8.92","70.83","1012.0","Medium Risk - Rightsize Resource","404.8"
"res-X4V3GS0X","Cloud Dataproc","us-east1","33.56","71.15","1418.0","Healthy","0.0"
"res-QZVTIOPY","Cloud Storage","asia-east1","17.08","91.07","8438.0","Medium Risk - Rightsize Resource","3375.2"
"res-V8M6PWQA","Container Registry","asia-southeast1","18.2","26.03","534.0","Medium Risk - Rightsize Resource","213.6"
"res-3ZENSZLY","Cloud Memorystore","asia-southeast1","32.11","36.38","1762.0","Healthy","0.0"
"res-RN9QSQUX","Cloud Functions","europe-west1","68.3","88.53","152.0","Healthy","0.0"
"res-HZFHS19U","Cloud Load Balancing","asia-southeast1","32.51","19.15","5776.0","Low Risk - Review Memory Allocation","1155.2"
"res-RMKORSAL","Cloud Run","europe-west1","4.02","94.8","1024.0","Medium Risk - Rightsize Resource","409.6"
"res-SRHDS40W","Pub/Sub","southamerica-east1","6.62","2.48","352.0","High Risk - Terminate or Downsize","246.4"
"res-4TY3J9IY","Cloud SQL","us-central1","74.25","80.49","5833.0","Healthy","0.0"
"res-A8ISV5AK","Firestore","europe-west3","50.29","51.26","1449.0","Healthy","0.0"
"res-C2XM3T1J","Dataflow","asia-east1","85.18","32.81","279.0","Healthy","0.0"
"res-YO1RR5X7","AI Platform","europe-west1","63.73","82.35","546.0","Healthy","0.0"
"res-JZACY5C6","Cloud Build","asia-east1","40.52","68.48","845.0","Healthy","0.0"
"res-D21R9SB1","Cloud Storage","europe-west3","9.69","65.3","926.0","Medium Risk - Rightsize Resource","370.4"
"res-WU10MTCT","BigQuery","southamerica-east1","84.06","56.96","764.0","Healthy","0.0"
"res-9VSL8AKL","Cloud CDN","asia-southeast1","71.14","94.07","1643.0","Healthy","0.0"
"res-XQ2SNANY","Cloud SQL","europe-north1","77.45","1.08","3911.0","Low Risk - Review Memory Allocation","782.2"
"res-DM1O00MA","Compute Engine","asia-northeast1","32.21","24.58","680.0","Low Risk - Review Memory Allocation","136.0"
"res-1KZU3DQJ","Cloud CDN","us-east1","66.09","22.93","1061.0","Low Risk - Review Memory Allocation","212.2"
"res-J34Y24JL","Cloud NAT","europe-west1","68.48","73.0","6458.0","Healthy","0.0"
"res-88VX0F0Q","Pub/Sub","asia-northeast1","4.46","99.8","2180.0","Medium Risk - Rightsize Resource","872.0"
"res-0C0LFDHN","Cloud Interconnect","asia-southeast1","29.11","28.36","5877.0","Low Risk - Review Memory Allocation","1175.4"
"res-PN87VCFD","Cloud CDN","europe-north1","20.74","98.76","4922.0","Healthy","0.0"
"res-J5Y0L80C","Cloud Run","us-central1","60.35","81.87","218.0","Healthy","0.0"
"res-WYVJMQ5V","Cloud Endpoints","southamerica-east1","40.15","7.95","1182.0","Low Risk - Review Memory Allocation","236.4"
"res-46F0DI7D","Cloud Functions","australia-southeast1","99.65","64.13","462.0","Healthy","0.0"
"res-AUBOWRG6","Pub/Sub","southamerica-east1","26.2","39.45","2213.0","Healthy","0.0"
"res-V6XDWUHS","Cloud Build","us-west1","98.89","90.96","117.0","Healthy","0.0"
"res-A2IYLGCP","Cloud Build","asia-southeast1","22.8","42.14","946.0","Healthy","0.0"
"res-YM61GD4T","AI Platform","asia-northeast1","13.03","88.6","601.0","Medium Risk - Rightsize Resource","240.4"
"res-B1KP68K8","Cloud Functions","asia-southeast1","38.88","59.1","396.0","Healthy","0.0"
"res-456UVDXI","Cloud Build","asia-east1","8.42","45.09","1025.0","Medium Risk - Rightsize Resource","410.0"
"res-N5X9BFE3","AI Platform","asia-east1","17.84","37.57","1199.0","Medium Risk - Rightsize Resource","479.6"
"res-919DA5VW","Cloud Dataproc","europe-north1","20.21","93.53","541.0","Healthy","0.0"
"res-DE1PLN2D","Cloud NAT","southamerica-east1","73.18","60.63","7096.0","Healthy","0.0"
"res-ZVWW1WO8","BigQuery","asia-east1","69.14","13.82","4672.0","Low Risk - Review Memory Allocation","934.4"
"res-OXE22REJ","Cloud Endpoints","asia-east1","38.52","27.02","1111.0","Low Risk - Review Memory Allocation","222.2"
"res-ILI945FI","Cloud Run","australia-southeast1","39.06","68.85","368.0","Healthy","0.0"
"res-MDO55NUJ","Cloud Run","europe-north1","26.96","61.26","134.0","Healthy","0.0"
"res-XRQLR0TM","BigQuery","us-west1","75.97","35.59","1201.0","Healthy","0.0"
"res-VP7PCV8U","Cloud Endpoints","australia-southeast1","1.26","40.65","4319.0","Medium Risk - Rightsize Resource","1727.6"
"res-1JUX8LS9","Cloud Functions","us-central1","84.66","59.16","394.0","Healthy","0.0"
"res-PVXWL5C0","Dataflow","us-central1","95.91","89.27","664.0","Healthy","0.0"
"res-1YJWKW8I","Cloud CDN","europe-north1","61.25","52.83","3519.0","Healthy","0.0"
"res-G71C069R","Pub/Sub","europe-west1","31.52","46.67","5718.0","Healthy","0.0"
"res-39FWQC69","Cloud Storage","europe-north1","31.48","80.03","235.0","Healthy","0.0"
"res-3PG1IW3C","Container Registry","asia-east1","78.41","51.91","944.0","Healthy","0.0"
"res-PJBYZUOO","Cloud Dataproc","us-east1","20.6","1.99","509.0","Low Risk - Review Memory Allocation","101.8"
"res-67NUV63U","Pub/Sub","europe-north1","29.61","41.17","7609.0","Healthy","0.0"
"res-5QMXZ068","Pub/Sub","asia-southeast1","92.1","60.77","721.0","Healthy","0.0"
"res-DJYS3EO0","Cloud Build","europe-north1","60.01","78.71","527.0","Healthy","0.0"
"res-K8RTFPZB","Firestore","asia-northeast1","68.87","77.27","83.0","Healthy","0.0"
"res-LMD14FLO","Cloud Load Balancing","europe-north1","98.14","55.84","425.0","Healthy","0.0"
"res-1L3R61L2","Cloud Storage","northamerica-northeast1","84.63","96.47","3259.0","Healthy","0.0"
"res-6P1VN6A6","Cloud Run","australia-southeast1","87.35","70.7","695.0","Healthy","0.0"
"res-8IM8M8TY","Compute Engine","asia-east1","60.48","2.65","966.0","Low Risk - Review Memory Allocation","193.2"
"res-CFVZ9YM8","Cloud VPC","europe-north1","69.63","29.21","713.0","Low Risk - Review Memory Allocation","142.6"
"res-RZPR26RG","Cloud Storage","us-central1","26.45","34.41","3268.0","Healthy","0.0"
"res-0D7YRCPL","Cloud Data Fusion","us-west1","68.88","94.74","3205.0","Healthy","0.0"
"res-IK64CSKN","Kubernetes Engine","us-west1","18.42","2.48","846.0","Medium Risk - Rightsize Resource","338.4"
"res-K7ZK8W1L","Cloud CDN","europe-west3","37.03","47.91","5804.0","Healthy","0.0"
"res-78Q0LVMD","Cloud Spanner","southamerica-east1","13.67","83.33","2057.0","Medium Risk - Rightsize Resource","822.8"
"res-JWK1VY6C","Cloud VPC","southamerica-east1","27.43","84.27","1629.0","Healthy","0.0"
"res-S7Q4AYVH","Kubernetes Engine","us-central1","93.19","83.81","619.0","Healthy","0.0"
"res-0DCGVMQZ","Dataflow","australia-southeast1","43.47","0.06","36.0","Low Risk - Review Memory Allocation","7.2"
"res-67MMOXFA","Cloud VPN","asia-northeast1","29.57","45.03","470.0","Healthy","0.0"
"res-8YQ9D8TD","Kubernetes Engine","europe-west1","56.31","71.53","533.0","Healthy","0.0"
"res-QMUAHM07","BigQuery","us-west1","15.56","49.7","526.0","Medium Risk - Rightsize Resource","210.4"
"res-O6M9SSN4","Cloud Functions","asia-northeast1","73.65","78.18","236.0","Healthy","0.0"
"res-LHZFUPDP","Cloud VPN","asia-southeast1","63.9","21.88","705.0","Low Risk - Review Memory Allocation","141.0"
"res-AOZJGYUX","Pub/Sub","europe-west3","64.4","61.47","2902.0","Healthy","0.0"
"res-NFHPGG0Z","Firestore","northamerica-northeast1","72.52","76.42","5529.0","Healthy","0.0"
"res-KRBRGY62","Compute Engine","us-east1","43.54","40.44","791.0","Healthy","0.0"
"res-L0UE4NJN","Cloud Load Balancing","europe-west3","2.34","57.32","1478.0","Medium Risk - Rightsize Resource","591.2"
"res-YDT1D7I0","Cloud NAT","asia-southeast1","18.88","49.82","1636.0","Medium Risk - Rightsize Resource","654.4"
"res-LSZORKYT","Cloud Endpoints","us-east1","2.58","23.13","4656.0","High Risk - Terminate or Downsize","3259.2"
"res-TOM757KG","Compute Engine","asia-northeast1","79.34","95.42","996.0","Healthy","0.0"
"res-P3K1XB02","Kubernetes Engine","northamerica-northeast1","30.82","50.6","589.0","Healthy","0.0"
"res-Q9JMMDUX","Cloud SQL","northamerica-northeast1","55.67","44.48","2623.0","Healthy","0.0"
"res-HGKJZW45","AI Platform","asia-northeast1","77.76","26.69","424.0","Low Risk - Review Memory Allocation","84.8"
"res-5V6UFGIT","Kubernetes Engine","europe-west1","82.78","31.85","858.0","Healthy","0.0"
"res-CDVJC43F","Cloud Run","asia-southeast1","33.42","31.61","291.0","Healthy","0.0"
"res-QMCYY81X","Cloud Endpoints","australia-southeast1","79.69","67.46","1959.0","Healthy","0.0"
"res-VUSTFBR7","Cloud Load Balancing","asia-northeast1","65.42","29.42","2458.0","Low Risk - Review Memory Allocation","491.6"
"res-4PZ1KJHH","Cloud Functions","asia-northeast1","92.04","82.45","253.0","Healthy","0.0"
"res-THEHRU3S","BigQuery","europe-west3","18.99","59.28","777.0","Medium Risk - Rightsize Resource","310.8"
"res-F13OGCS1","Cloud Memorystore","europe-west3","65.15","81.42","552.0","Healthy","0.0"
"res-KGO1KFI6","Cloud Armor","asia-southeast1","10.79","45.08","4626.0","Medium Risk - Rightsize Resource","1850.4"
"res-00VD7NNT","Cloud VPC","europe-west1","57.33","79.37","1315.0","Healthy","0.0"
"res-GCNCHXF4","Cloud Endpoints","us-central1","62.81","7.46","1328.0","Low Risk - Review Memory Allocation","265.6"
"res-UMMHRIG7","Cloud SQL","asia-southeast1","62.21","85.89","90.0","Healthy","0.0"
"res-O249RCT8","Cloud Interconnect","us-east1","22.24","91.03","3925.0","Healthy","0.0"
"res-O5HIQONO","Cloud SQL","southamerica-east1","93.73","55.25","4981.0","Healthy","0.0"
"res-MSIXWNK6","Cloud Run","southamerica-east1","27.55","95.39","213.0","Healthy","0.0"
"res-9L80VK58","Cloud Dataproc","asia-northeast1","54.99","32.47","2752.0","Healthy","0.0"
"res-KNQJEPTH","Compute Engine","us-central1","41.38","69.35","648.0","Healthy","0.0"
"res-BHG77DRY","AI Platform","asia-southeast1","25.8","10.74","1126.0","Low Risk - Review Memory Allocation","225.2"
"res-CGVIM3VM","Dataflow","us-central1","21.13","54.87","752.0","Healthy","0.0"
"res-4PLMEJQY","Pub/Sub","asia-southeast1","75.12","96.34","81.0","Healthy","0.0"
"res-X0NWEN6B","Cloud Interconnect","australia-southeast1","38.24","36.55","4283.0","Healthy","0.0"
"res-YA2CNX3Q","Cloud Run","asia-southeast1","78.6","19.79","1009.0","Low Risk - Review Memory Allocation","201.8"
"res-7L8FKGV4","Cloud NAT","europe-west3","79.54","64.97","3181.0","Healthy","0.0"
"res-L83XSLB2","Cloud Load Balancing","us-west1","85.75","45.93","2274.0","Healthy","0.0"
"res-ORVHD3QJ","Cloud Dataproc","us-east1","37.68","74.51","8176.0","Healthy","0.0"
"res-WNYYXOZ8","Cloud Interconnect","asia-east1","18.97","49.91","1968.0","Medium Risk - Rightsize Resource","787.2"
"res-OPAHBCNW","AI Platform","us-east1","35.2","99.25","101.0","Healthy","0.0"
"res-9BXRHYAB","Cloud Armor","asia-northeast1","86.36","97.38","198.0","Healthy","0.0"
"res-IFIVJIKO","Container Registry","europe-west1","70.34","22.79","3224.0","Low Risk - Review Memory Allocation","644.8"
"res-N63N1THH","AI Platform","australia-southeast1","80.52","3.16","191.0","Low Risk - Review Memory Allocation","38.2"
"res-YBFM0HGL","Cloud CDN","us-central1","45.55","33.79","1954.0","Healthy","0.0"
"res-0IP8J7AC","Compute Engine","northamerica-northeast1","46.61","20.63","973.0","Low Risk - Review Memory Allocation","194.6"
"res-W2V0JO7D","Cloud Data Fusion","europe-west1","12.86","16.46","5433.0","Medium Risk - Rightsize Resource","2173.2"
"res-GGDLBTZY","AI Platform","northamerica-northeast1","95.23","25.07","177.0","Low Risk - Review Memory Allocation","35.4"
"res-P764A8A1","Cloud Dataproc","us-central1","66.17","85.23","4913.0","Healthy","0.0"
"res-M3J3HSIX","Container Registry","asia-northeast1","6.36","34.04","827.0","Medium Risk - Rightsize Resource","330.8"
"res-0HQNQVI5","Cloud CDN","asia-east1","94.48","95.76","1087.0","Healthy","0.0"
"res-35L3HOZL","Compute Engine","europe-west3","10.75","31.36","579.0","Medium Risk - Rightsize Resource","231.6"
"res-AUEOBCLI","Cloud Endpoints","us-west1","84.67","35.96","712.0","Healthy","0.0"
"res-P7E29M8B","Cloud Data Fusion","us-east1","98.75","78.64","1815.0","Healthy","0.0"
"res-ZCUUTLGI","Cloud Memorystore","asia-northeast1","36.26","92.8","5006.0","Healthy","0.0"
"res-QL123BDS","Cloud Load Balancing","asia-southeast1","79.13","2.77","3564.0","Low Risk - Review Memory Allocation","712.8"
"res-L6L55VM8","Cloud Functions","southamerica-east1","73.99","93.62","126.0","Healthy","0.0"
"res-2PQ8JLFF","Cloud CDN","us-central1","64.93","53.51","669.0","Healthy","0.0"
"res-XUQR0FEN","Pub/Sub","asia-northeast1","94.09","46.58","5889.0","Healthy","0.0"
"res-0XF3LPGM","Cloud SQL","southamerica-east1","38.82","30.39","5796.0","Healthy","0.0"
"res-K77K7HI1","BigQuery","us-central1","50.16","91.46","5347.0","Healthy","0.0"
"res-B6UNMR1R","Compute Engine","us-west1","3.37","87.82","177.0","Medium Risk - Rightsize Resource","70.8"
"res-XCONMZ4R","Cloud SQL","asia-southeast1","41.13","18.29","3275.0","Low Risk - Review Memory Allocation","655.0"
"res-F5EMGMM8","Cloud SQL","northamerica-northeast1","22.26","20.26","5310.0","Low Risk - Review Memory Allocation","1062.0"
"res-O3VMKAIQ","Cloud Interconnect","asia-east1","44.43","72.55","2826.0","Healthy","0.0"
"res-WNBNYM8O","Cloud CDN","northamerica-northeast1","84.72","56.53","2902.0","Healthy","0.0"
"res-LOBNLX91","Cloud Run","us-east1","57.31","94.45","231.0","Healthy","0.0"
"res-04X4P614","Cloud Storage","europe-west1","88.64","51.63","177.0","Healthy","0.0"
"res-09NGMZMO","Cloud Storage","us-east1","6.2","55.19","1978.0","Medium Risk - Rightsize Resource","791.2"
"res-HPZG31IQ","Pub/Sub","asia-southeast1","13.18","37.74","4678.0","Medium Risk - Rightsize Resource","1871.2"
"res-6KO0D3WF","Cloud Memorystore","us-central1","64.73","87.5","2815.0","Healthy","0.0"
"res-BIUTYIMI","Cloud Spanner","us-east1","78.98","27.19","3569.0","Low Risk - Review Memory Allocation","713.8"
"res-D1HIUXNT","Cloud Dataproc","us-east1","77.27","56.3","2825.0","Healthy","0.0"
"res-AFB773PU","Pub/Sub","europe-north1","93.94","69.69","3235.0","Healthy","0.0"
"res-4N1DTK2I","BigQuery","us-east1","0.05","75.85","4840.0","Medium Risk - Rightsize Resource","1936.0"
"res-SFJXVKKV","Firestore","us-west1","24.8","95.47","6135.0","Healthy","0.0"
"res-OYTZUKIA","Cloud Data Fusion","us-east1","79.78","48.02","5987.0","Healthy","0.0"
"res-WLX7A2R1","Cloud Storage","asia-east1","48.74","84.32","119.0","Healthy","0.0"
"res-HX66EBRY","Dataflow","asia-northeast1","83.1","14.15","192.0","Low Risk - Review Memory Allocation","38.4"
"res-7UGY460K","Pub/Sub","southamerica-east1","32.08","0.2","445.0","Low Risk - Review Memory Allocation","89.0"
"res-13MDNGII","BigQuery","europe-west3","98.57","99.09","8184.0","Healthy","0.0"
"res-ASCHOJSB","Kubernetes Engine","europe-west3","88.82","39.26","136.0","Healthy","0.0"
"res-M3ZBKI2V","Cloud Memorystore","us-central1","79.24","95.25","775.0","Healthy","0.0"
"res-ZVJ578GN","AI Platform","asia-southeast1","95.69","89.69","613.0","Healthy","0.0"
"res-6EVRQG86","Cloud Interconnect","northamerica-northeast1","52.88","25.92","2781.0","Low Risk - Review Memory Allocation","556.2"
"res-XE6UW387","Cloud Load Balancing","us-east1","63.44","18.89","4123.0","Low Risk - Review Memory Allocation","824.6"
"res-6OMQ4VML","Cloud Armor","northamerica-northeast1","40.23","67.49","953.0","Healthy","0.0"
"res-W2W76LHZ","Cloud Interconnect","asia-southeast1","19.8","65.78","1216.0","Medium Risk - Rightsize Resource","486.4"
"res-XKCDKTD2","Cloud Armor","northamerica-northeast1","76.75","96.32","5765.0","Healthy","0.0"
"res-JIXXZX0J","Cloud Build","australia-southeast1","46.66","62.41","21.0","Healthy","0.0"
"res-JS3UWAGV","Cloud Armor","australia-southeast1","45.75","59.94","2800.0","Healthy","0.0"
"res-ZA5L8Z41","Cloud VPC","europe-west3","84.53","96.7","1717.0","Healthy","0.0"
"res-V7ARIHDE","Cloud CDN","asia-southeast1","77.63","99.01","3099.0","Healthy","0.0"
"res-J6ZAWPRX","Dataflow","asia-east1","11.6","26.83","640.0","Medium Risk - Rightsize Resource","256.0"
"res-83N992IF","Compute Engine","europe-west3","2.99","45.28","570.0","Medium Risk - Rightsize Resource","228.0"
"res-WK1ERI38","Compute Engine","asia-east1","64.78","85.55","619.0","Healthy","0.0"
"res-6KHDCRDB","Kubernetes Engine","europe-west1","52.87","12.57","153.0","Low Risk - Review Memory Allocation","30.6"
"res-EM2XFZ8L","AI Platform","asia-east1","71.61","22.98","751.0","Low Risk - Review Memory Allocation","150.2"
"res-G09747ZS","AI Platform","asia-east1","89.11","63.51","708.0","Healthy","0.0"
"res-6BOEVI0R","Cloud SQL","europe-west3","3.09","72.71","1283.0","Medium Risk - Rightsize Resource","513.2"
"res-NXRJ4YNL","Cloud VPC","us-central1","24.84","34.47","4331.0","Healthy","0.0"
"res-GZEVM27G","BigQuery","europe-north1","17.41","99.05","3648.0","Medium Risk - Rightsize Resource","1459.2"
"res-9N3H6DQ3","Cloud Functions","europe-west1","33.3","50.82","880.0","Healthy","0.0"
"res-VTF7HJFJ","Cloud Armor","northamerica-northeast1","90.66","58.44","419.0","Healthy","0.0"
"res-MT5KX17K","Cloud Armor","asia-east1","94.51","36.74","5743.0","Healthy","0.0"
"res-MUK4Z2BS","Cloud Interconnect","us-west1","85.96","27.08","4424.0","Low Risk - Review Memory Allocation","884.8"
"res-ZKMC08Q6","Cloud VPN","us-central1","37.77","12.91","4432.0","Low Risk - Review Memory Allocation","886.4"
"res-JVK1HOLG","Cloud Run","europe-north1","56.67","18.24","711.0","Low Risk - Review Memory Allocation","142.2"
"res-IFBHPEQV","Pub/Sub","europe-west1","71.14","15.17","514.0","Low Risk - Review Memory Allocation","102.8"
"res-H40WACZG","Cloud Functions","us-west1","12.98","59.81","883.0","Medium Risk - Rightsize Resource","353.2"
"res-1WUR8G93","Cloud Interconnect","europe-west1","91.43","25.67","1006.0","Low Risk - Review Memory Allocation","201.2"
"res-TZCL1KUV","Dataflow","europe-west3","1.0","52.13","890.0","Medium Risk - Rightsize Resource","356.0"
"res-C7QGGDW5","BigQuery","europe-west3","10.4","68.25","7499.0","Medium Risk - Rightsize Resource","2999.6"
"res-73GWCHWA","Cloud Dataproc","us-central1","75.84","48.46","639.0","Healthy","0.0"
"res-EO8OTO8A","Pub/Sub","asia-southeast1","47.53","47.88","951.0","Healthy","0.0"
"res-73ZAL0VC","Cloud Build","asia-northeast1","58.32","34.34","1730.0","Healthy","0.0"
"res-YLWPCS4J","Firestore","europe-west1","34.12","17.38","1193.0","Low Risk - Review Memory Allocation","238.6"
"res-P1D6Y54C","Cloud VPN","us-east1","65.25","76.26","3693.0","Healthy","0.0"
"res-P7GN3K3R","Cloud NAT","europe-west1","60.36","66.74","2127.0","Healthy","0.0"
"res-MZB1S515","Cloud Storage","southamerica-east1","53.72","31.97","5156.0","Healthy","0.0"
"res-1T4FT6CF","Cloud Run","europe-west1","59.04","8.79","444.0","Low Risk - Review Memory Allocation","88.8"
"res-90LFZLNG","Cloud VPC","northamerica-northeast1","19.53","64.79","4061.0","Medium Risk - Rightsize Resource","1624.4"
"res-8N8FWB7N","Cloud Memorystore","europe-west1","21.04","48.33","2045.0","Healthy","0.0"
"res-EN9HYT2Z","Cloud Data Fusion","australia-southeast1","69.53","65.04","582.0","Healthy","0.0"
"res-5L671N5R","Cloud Dataproc","europe-north1","33.65","36.53","2135.0","Healthy","0.0"
"res-1M0Q8CHS","Cloud Spanner","asia-southeast1","87.12","92.54","402.0","Healthy","0.0"
"res-J6HX9Q39","Cloud Functions","asia-east1","73.41","13.38","1177.0","Low Risk - Review Memory Allocation","235.4"
"res-WXMB7NAK","AI Platform","northamerica-northeast1","79.32","90.15","876.0","Healthy","0.0"
"res-170DHBTE","Kubernetes Engine","australia-southeast1","87.12","52.29","589.0","Healthy","0.0"
"res-Z5B8KSYG","Cloud Storage","southamerica-east1","45.37","23.16","597.0","Low Risk - Review Memory Allocation","119.4"
"res-29Q20CVB","Cloud Endpoints","asia-northeast1","82.22","31.66","1738.0","Healthy","0.0"
"res-GXCYBT0U","Cloud Load Balancing","northamerica-northeast1","52.3","67.42","803.0","Healthy","0.0"
"res-UGRRL92J","Compute Engine","us-west1","69.06","98.73","1024.0","Healthy","0.0"
"res-OT3AHW3P","Cloud Armor","asia-southeast1","85.58","90.93","1199.0","Healthy","0.0"
"res-302U0L3S","Cloud VPC","us-east1","51.25","51.34","815.0","Healthy","0.0"
"res-34QKC3L8","Pub/Sub","europe-west3","77.26","40.23","3899.0","Healthy","0.0"
"res-7KU20OYT","Cloud Endpoints","asia-southeast1","48.44","61.01","1973.0","Healthy","0.0"
"res-53MWIOTB","Firestore","us-central1","50.55","89.83","4790.0","Healthy","0.0"
"res-EYHDF3I5","AI Platform","southamerica-east1","6.12","55.38","317.0","Medium Risk - Rightsize Resource","126.8"
"res-DTA164QF","Cloud Interconnect","us-west1","23.88","21.64","7899.0","Low Risk - Review Memory Allocation","1579.8"
"res-WBZ9MQQ6","Cloud Data Fusion","asia-southeast1","62.45","74.75","4318.0","Healthy","0.0"
"res-736606E0","Cloud VPN","asia-east1","85.75","92.34","261.0","Healthy","0.0"
"res-3SESG8V7","Cloud Memorystore","asia-east1","80.96","95.33","534.0","Healthy","0.0"
"res-DFQJABAV","Firestore","europe-west3","55.44","27.23","1834.0","Low Risk - Review Memory Allocation","366.8"
"res-IP58UFOC","Cloud Load Balancing","asia-northeast1","34.33","16.97","5709.0","Low Risk - Review Memory Allocation","1141.8"
"res-DXFGDOXR","Cloud SQL","europe-west3","3.98","48.93","1223.0","Medium Risk - Rightsize Resource","489.2"
"res-B5CBCS7N","Cloud Build","europe-west1","9.72","54.35","555.0","Medium Risk - Rightsize Resource","222.0"
"res-89970DYQ","Cloud Interconnect","northamerica-northeast1","36.35","94.15","2708.0","Healthy","0.0"
"res-2AKD3D5G","Cloud CDN","asia-northeast1","95.51","84.66","561.0","Healthy","0.0"
"res-283P4R0H","Firestore","northamerica-northeast1","43.53","85.79","233.0","Healthy","0.0"
"res-4DJD3851","Cloud CDN","europe-west1","44.23","71.52","835.0","Healthy","0.0"
"res-M9M70ZPZ","BigQuery","asia-east1","12.19","1.93","1933.0","Medium Risk - Rightsize Resource","773.2"
"res-4NROFVST","Cloud Run","us-east1","41.26","48.11","203.0","Healthy","0.0"
"res-7HJ4T115","Cloud Endpoints","asia-east1","96.27","80.32","2029.0","Healthy","0.0"
"res-3LCAI3LD","Cloud VPC","europe-north1","22.38","66.68","1015.0","Healthy","0.0"
"res-WCPBCXOU","Cloud Run","us-central1","99.3","63.9","1013.0","Healthy","0.0"
"res-6J904SEE","Cloud VPC","us-central1","88.4","75.88","3924.0","Healthy","0.0"
"res-C7XKMCFZ","Cloud Memorystore","asia-east1","93.46","86.06","2958.0","Healthy","0.0"
"res-4B0XP5WC","Pub/Sub","northamerica-northeast1","13.63","89.42","1318.0","Medium Risk - Rightsize Resource","527.2"
"res-UDEMX028","Cloud CDN","europe-west1","81.79","49.0","2850.0","Healthy","0.0"
"res-91ZZKPJI","Cloud Run","asia-northeast1","51.91","8.24","43.0","Low Risk - Review Memory Allocation","8.6"
"res-JVDFHO7N","Cloud Data Fusion","southamerica-east1","28.62","31.18","4128.0","Healthy","0.0"
"res-0218J7D8","Cloud Load Balancing","europe-north1","74.98","52.71","1513.0","Healthy","0.0"
"res-JTYGDNH2","Cloud Run","us-central1","86.33","39.77","987.0","Healthy","0.0"
"res-Y7Q58WZT","Cloud Storage","asia-northeast1","62.27","34.83","851.0","Healthy","0.0"
"res-3UMQCQ7L","Cloud NAT","europe-north1","85.69","89.77","3949.0","Healthy","0.0"
"res-18VH12GB","AI Platform","europe-north1","76.03","21.71","477.0","Low Risk - Review Memory Allocation","95.4"
"res-JN0AHW8I","Cloud Memorystore","australia-southeast1","36.0","16.45","2534.0","Low Risk - Review Memory Allocation","506.8"
"res-Q146W4NW","Cloud Armor","northamerica-northeast1","13.91","69.12","726.0","Medium Risk - Rightsize Resource","290.4"
"res-RY520DKS","Cloud Armor","northamerica-northeast1","18.18","17.51","835.0","Medium Risk - Rightsize Resource","334.0"
"res-FIFHP5ZQ","Dataflow","southamerica-east1","86.87","51.35","303.0","Healthy","0.0"
"res-VIBAAJU5","Cloud Run","europe-west3","89.58","44.85","82.0","Healthy","0.0"
"res-1YDLUFQT","Cloud Run","northamerica-northeast1","59.3","50.53","213.0","Healthy","0.0"
"res-4SLUER38","Cloud SQL","us-east1","16.01","32.19","179.0","Medium Risk - Rightsize Resource","71.6"
"res-QF6RILJO","Cloud Spanner","asia-southeast1","57.85","68.46","3819.0","Healthy","0.0"
"res-DMFUA1DF","Cloud Interconnect","us-east1","10.48","75.61","2599.0","Medium Risk - Rightsize Resource","1039.6"
"res-F1XQDNVO","Cloud Dataproc","asia-northeast1","84.58","66.01","1733.0","Healthy","0.0"
"res-MOZFAE74","BigQuery","europe-west3","77.86","5.25","5385.0","Low Risk - Review Memory Allocation","1077.0"
"res-GVFZ0SMQ","Cloud CDN","asia-southeast1","35.96","66.36","6158.0","Healthy","0.0"
"res-26V8MDKP","Cloud Storage","asia-southeast1","97.77","81.97","1175.0","Healthy","0.0"
"res-ZGMEQDGM","Cloud Dataproc","asia-northeast1","81.44","44.07","2160.0","Healthy","0.0"
"res-G897SS0M","Compute Engine","northamerica-northeast1","74.59","21.19","198.0","Low Risk - Review Memory Allocation","39.6"
"res-SLNI45BI","Cloud Endpoints","australia-southeast1","21.34","95.77","730.0","Healthy","0.0"
"res-K1E7YCCI","Pub/Sub","australia-southeast1","72.9","43.71","1102.0","Healthy","0.0"
"res-PYSNFSN2","Cloud Dataproc","australia-southeast1","44.12","97.47","1857.0","Healthy","0.0"
"res-VIN5D25W","Cloud Memorystore","northamerica-northeast1","96.17","81.61","487.0","Healthy","0.0"
"res-7XJ95SED","Cloud Storage","australia-southeast1","28.47","21.39","5275.0","Low Risk - Review Memory Allocation","1055.0"
"res-86BKSPWE","Pub/Sub","europe-west3","24.03","11.41","2181.0","Low Risk - Review Memory Allocation","436.2"
"res-9QO2FLXN","Cloud Data Fusion","europe-west1","75.94","56.56","4379.0","Healthy","0.0"
"res-RTW0L80S","Cloud Storage","us-west1","98.94","80.47","841.0","Healthy","0.0"
"res-W3LTP3WP","Cloud Dataproc","asia-northeast1","1.21","31.08","1755.0","Medium Risk - Rightsize Resource","702.0"
"res-YQQ8HHB8","Cloud Load Balancing","us-central1","82.52","31.1","1266.0","Healthy","0.0"
"res-IZW2W4XT","Cloud VPN","us-central1","34.35","88.63","457.0","Healthy","0.0"
"res-3F8DKCVT","Cloud Build","southamerica-east1","34.32","66.1","5937.0","Healthy","0.0"
"res-1LJV1O1D","Compute Engine","southamerica-east1","95.33","2.13","480.0","Low Risk - Review Memory Allocation","96.0"
"res-2UBLDDOC","Cloud Endpoints","australia-southeast1","92.23","25.12","6246.0","Low Risk - Review Memory Allocation","1249.2"
"res-IKZR0V6S","Cloud Build","asia-east1","98.21","48.43","2835.0","Healthy","0.0"
"res-0GZ8OVBM","Kubernetes Engine","asia-east1","15.36","83.56","440.0","Medium Risk - Rightsize Resource","176.0"
"res-JIIFFF2O","Cloud Build","asia-east1","91.96","91.61","4020.0","Healthy","0.0"
"res-1C1MLL0U","Firestore","asia-northeast1","38.11","0.95","726.0","Low Risk - Review Memory Allocation","145.2"
"res-MF4NDR22","Cloud SQL","us-central1","13.63","91.41","2714.0","Medium Risk - Rightsize Resource","1085.6"
"res-4ZQSMUOB","Cloud VPC","northamerica-northeast1","28.47","9.27","388.0","Low Risk - Review Memory Allocation","77.6"
"res-100J1BTT","Cloud Build","europe-west1","8.79","52.74","3245.0","Medium Risk - Rightsize Resource","1298.0"
"res-RJ0E47ZX","Cloud VPC","asia-southeast1","38.45","58.64","3695.0","Healthy","0.0"
"res-YXBRWF8R","Compute Engine","southamerica-east1","28.29","4.12","397.0","Low Risk - Review Memory Allocation","79.4"
"res-ATPOHCEH","Kubernetes Engine","northamerica-northeast1","86.34","15.71","268.0","Low Risk - Review Memory Allocation","53.6"
"res-XVWM45WT","Firestore","southamerica-east1","8.67","25.58","1199.0","Medium Risk - Rightsize Resource","479.6"
"res-4ZQ18WTF","BigQuery","europe-west3","99.22","99.12","4366.0","Healthy","0.0"
"res-S5U6W344","Dataflow","northamerica-northeast1","89.95","17.36","501.0","Low Risk - Review Memory Allocation","100.2"
"res-VA3KJDZY","Cloud Endpoints","us-east1","40.42","3.39","347.0","Low Risk - Review Memory Allocation","69.4"
"res-Z35RBDV4","Cloud Endpoints","asia-east1","16.04","92.44","6458.0","Medium Risk - Rightsize Resource","2583.2"
"res-3VGZRWN0","Cloud Dataproc","asia-southeast1","0.69","79.14","181.0","Medium Risk - Rightsize Resource","72.4"
"res-MRQ0A8DI","Cloud Dataproc","northamerica-northeast1","5.63","80.46","1852.0","Medium Risk - Rightsize Resource","740.8"
"res-DXKGGUD7","Cloud SQL","asia-east1","0.69","57.08","3368.0","Medium Risk - Rightsize Resource","1347.2"
"res-F6974M69","Cloud Interconnect","us-west1","36.36","12.6","1209.0","Low Risk - Review Memory Allocation","241.8"
"res-6NNXDHTY","Compute Engine","us-central1","5.08","95.79","204.0","Medium Risk - Rightsize Resource","81.6"
"res-RUL6UJ2I","Cloud NAT","asia-southeast1","8.79","61.74","8751.0","Medium Risk - Rightsize Resource","3500.4"
"res-7FJ5OXXK","Cloud Functions","asia-southeast1","56.01","51.42","585.0","Healthy","0.0"
"res-5LLLKIJS","BigQuery","northamerica-northeast1","64.24","46.71","3987.0","Healthy","0.0"
"res-ZUP1NWYK","AI Platform","us-west1","59.38","77.29","568.0","Healthy","0.0"
"res-Z3DIR5XZ","Cloud Storage","australia-southeast1","44.3","51.81","2615.0","Healthy","0.0"
"res-G35CH69Y","Container Registry","northamerica-northeast1","97.45","33.87","1251.0","Healthy","0.0"
"res-UIJBQHY2","Cloud VPN","europe-west3","42.83","23.04","603.0","Low Risk - Review Memory Allocation","120.6"
"res-BGUFYUQ7","Cloud Dataproc","us-west1","47.39","38.48","212.0","Healthy","0.0"
"res-YVDZ7Y3W","Cloud CDN","australia-southeast1","6.97","29.33","7050.0","Medium Risk - Rightsize Resource","2820.0"
"res-7WRJI2RL","Cloud VPN","europe-west1","14.61","58.3","427.0","Medium Risk - Rightsize Resource","170.8"
"res-MHVWXAQE","Cloud VPN","asia-east1","60.59","24.0","1364.0","Low Risk - Review Memory Allocation","272.8"
"res-6SG95JJU","Cloud NAT","australia-southeast1","38.37","95.07","8069.0","Healthy","0.0"
"res-4PF8L5PT","Cloud Armor","us-west1","62.74","66.9","392.0","Healthy","0.0"
"res-0GMDP20S","Compute Engine","us-central1","51.72","22.33","66.0","Low Risk - Review Memory Allocation","13.2"
"res-URVB26BJ","Firestore","australia-southeast1","11.3","28.26","1124.0","Medium Risk - Rightsize Resource","449.6"
"res-9K7LR2E5","Cloud Endpoints","asia-northeast1","26.6","26.62","6235.0","Low Risk - Review Memory Allocation","1247.0"
"res-EEVOKLZA","Cloud VPC","europe-west1","87.07","33.92","1905.0","Healthy","0.0"
"res-P3JCTDOS","AI Platform","europe-west1","23.39","56.76","231.0","Healthy","0.0"
"res-EBCDGE0Z","Cloud Dataproc","asia-northeast1","99.52","22.92","1736.0","Low Risk - Review Memory Allocation","347.2"
"res-S8V5CKIR","Cloud Dataproc","asia-east1","30.09","42.9","147.0","Healthy","0.0"
"res-L9JQCL5H","Dataflow","southamerica-east1","50.28","11.88","638.0","Low Risk - Review Memory Allocation","127.6"
"res-U8V4KCX7","Cloud Armor","australia-southeast1","26.61","62.42","5217.0","Healthy","0.0"
"res-W85DRFX6","Cloud CDN","us-central1","60.38","37.62","3274.0","Healthy","0.0"
"res-G0M36ARR","Cloud CDN","us-east1","57.94","80.47","5105.0","Healthy","0.0"
"res-ZL3PAL15","Cloud Endpoints","us-central1","94.96","77.92","824.0","Healthy","0.0"
"res-LQKRRLX7","Cloud Memorystore","europe-west3","89.16","0.73","1909.0","Low Risk - Review Memory Allocation","381.8"
"res-UATET0ZG","BigQuery","europe-west1","61.71","91.21","469.0","Healthy","0.0"
"res-H0FLX264","Cloud NAT","asia-southeast1","66.59","58.88","3544.0","Healthy","0.0"
"res-6IVQ41GN","Cloud Memorystore","europe-north1","92.21","96.64","7237.0","Healthy","0.0"
"res-3KCNHXTD","Cloud Armor","europe-west1","33.13","93.68","2397.0","Healthy","0.0"
"res-K495NBU3","Cloud CDN","northamerica-northeast1","10.52","88.01","1148.0","Medium Risk - Rightsize Resource","459.2"
"res-OTHYLWH2","Cloud VPC","southamerica-east1","45.14","86.59","326.0","Healthy","0.0"
"res-6801EISE","Pub/Sub","southamerica-east1","73.95","45.25","127.0","Healthy","0.0"
"res-M9S9G8PA","Cloud VPC","us-central1","6.46","76.09","5645.0","Medium Risk - Rightsize Resource","2258.0"
"res-9R1D3HRY","Cloud Build","us-east1","36.9","70.47","3011.0","Healthy","0.0"
"res-CRE9O9RH","Pub/Sub","us-central1","73.09","38.66","9004.0","Healthy","0.0"
"res-T0OGQ1VW","BigQuery","northamerica-northeast1","88.19","34.34","3350.0","Healthy","0.0"
"res-U0XU6E1T","Cloud Dataproc","asia-east1","80.81","91.42","3296.0","Healthy","0.0"
"res-IY6FLR1C","Dataflow","us-west1","25.2","53.54","265.0","Healthy","0.0"
"res-FKAJATB6","Dataflow","northamerica-northeast1","16.92","16.22","168.0","Medium Risk - Rightsize Resource","67.2"
"res-NWYU1CZI","BigQuery","europe-west1","98.35","57.52","277.0","Healthy","0.0"
"res-92H4UOES","Cloud CDN","europe-north1","97.07","47.44","5849.0","Healthy","0.0"
"res-7MPLP0WF","Cloud Run","us-central1","55.83","51.05","264.0","Healthy","0.0"
"res-MJRPXFOX","Cloud SQL","asia-northeast1","3.96","14.6","3926.0","High Risk - Terminate or Downsize","2748.2"
"res-MD82YFPZ","Kubernetes Engine","asia-east1","94.2","76.15","246.0","Healthy","0.0"
"res-BTTU0WCG","Firestore","asia-east1","48.81","92.23","441.0","Healthy","0.0"
"res-7LLUZT3G","Cloud Endpoints","europe-north1","21.58","24.91","7990.0","Low Risk - Review Memory Allocation","1598.0"
"res-P8SSCHN9","Container Registry","asia-east1","82.09","49.34","166.0","Healthy","0.0"
"res-OPE31JB2","Kubernetes Engine","europe-north1","92.84","49.35","584.0","Healthy","0.0"
"res-D2NUI8OM","Cloud Spanner","asia-northeast1","80.23","41.57","2734.0","Healthy","0.0"
"res-FUUMP7RH","Firestore","europe-west1","68.82","26.87","571.0","Low Risk - Review Memory Allocation","114.2"
"res-2H6QN7WR","Cloud VPN","europe-north1","24.41","29.04","444.0","Low Risk - Review Memory Allocation","88.8"
"res-C3AMONZ6","Cloud VPN","europe-west1","59.68","32.7","3955.0","Healthy","0.0"
"res-A7Y0GW1C","Cloud Functions","europe-west1","10.03","96.22","210.0","Medium Risk - Rightsize Resource","84.0"
"res-IU418MQO","Cloud SQL","australia-southeast1","68.2","51.61","1192.0","Healthy","0.0"
"res-X1YXF17C","Cloud Functions","southamerica-east1","5.07","44.06","101.0","Medium Risk - Rightsize Resource","40.4"
"res-ZZQL1YQ2","Cloud Run","australia-southeast1","93.43","60.69","275.0","Healthy","0.0"
"res-WIQEH8YU","Cloud SQL","us-east1","58.6","70.99","1054.0","Healthy","0.0"
"res-OYKGBR4C","Compute Engine","europe-west3","0.19","63.07","120.0","Medium Risk - Rightsize Resource","48.0"
"res-8ZPK23NO","Kubernetes Engine","us-west1","97.05","97.65","853.0","Healthy","0.0"
"res-UM51L7IM","Cloud Build","us-east1","4.53","74.01","2073.0","Medium Risk - Rightsize Resource","829.2"
"res-3E70ZYHQ","Cloud Armor","us-west1","1.72","74.52","1725.0","Medium Risk - Rightsize Resource","690.0"
"res-6SP2IRJE","Container Registry","us-west1","71.11","20.31","6688.0","Low Risk - Review Memory Allocation","1337.6"
"res-GLWSU5H0","Cloud Memorystore","southamerica-east1","5.33","50.11","5468.0","Medium Risk - Rightsize Resource","2187.2"
"res-RF559IVM","Cloud Spanner","us-west1","92.88","35.54","2558.0","Healthy","0.0"
"res-ZRWDCB3G","Pub/Sub","us-east1","15.28","86.99","870.0","Medium Risk - Rightsize Resource","348.0"
"res-HD39T851","Firestore","europe-west1","18.79","10.51","311.0","Medium Risk - Rightsize Resource","124.4"
"res-5KDNGDZZ","Cloud Interconnect","europe-north1","50.11","2.28","1330.0","Low Risk - Review Memory Allocation","266.0"
"res-5RZ6TIFT","Kubernetes Engine","asia-northeast1","44.88","94.96","552.0","Healthy","0.0"
"res-4TBQH6B1","BigQuery","asia-northeast1","19.36","40.14","869.0","Medium Risk - Rightsize Resource","347.6"
"res-RNNS13FP","Compute Engine","australia-southeast1","73.77","16.96","245.0","Low Risk - Review Memory Allocation","49.0"
"res-7GZ4LH6T","Cloud Run","us-central1","32.95","50.84","1092.0","Healthy","0.0"
"res-UPQDPFWM","Container Registry","europe-north1","69.47","60.8","2935.0","Healthy","0.0"
"res-65KB06P4","Dataflow","asia-east1","93.48","32.8","885.0","Healthy","0.0"
"res-PNEPCKHW","Cloud NAT","us-east1","61.06","25.1","864.0","Low Risk - Review Memory Allocation","172.8"
"res-UWUK1WBC","Cloud Interconnect","us-west1","31.76","4.0","2502.0","Low Risk - Review Memory Allocation","500.4"
"res-LOIOQXNF","Cloud Interconnect","asia-southeast1","3.07","5.56","3950.0","High Risk - Terminate or Downsize","2765.0"
"res-RDEPCFLV","Cloud Functions","us-west1","66.21","60.58","143.0","Healthy","0.0"
"res-6XJ1JNZ2","BigQuery","asia-northeast1","98.0","36.52","668.0","Healthy","0.0"
"res-LBZMB3VM","Cloud Endpoints","asia-east1","85.01","78.84","1939.0","Healthy","0.0"
"res-O49NSWHT","Cloud Memorystore","southamerica-east1","0.72","75.7","5935.0","Medium Risk - Rightsize Resource","2374.0"
"res-20FMK4XS","Cloud CDN","northamerica-northeast1","20.92","76.59","890.0","Healthy","0.0"
"res-17K5MA2I","Cloud Armor","asia-northeast1","71.19","63.19","1861.0","Healthy","0.0"
"res-GDQLCMX8","Cloud Data Fusion","europe-west1","59.44","62.96","4063.0","Healthy","0.0"
"res-NKCZLRJU","Cloud SQL","asia-east1","63.21","81.01","1843.0","Healthy","0.0"
"res-Q1HJ9CE1","Cloud SQL","asia-northeast1","95.97","44.27","6274.0","Healthy","0.0"
"res-6LM9YMD7","Cloud NAT","southamerica-east1","64.58","63.3","3170.0","Healthy","0.0"
"res-12TS2RYR","Cloud Run","us-central1","17.24","65.59","676.0","Medium Risk - Rightsize Resource","270.4"
"res-O8PDL53S","Compute Engine","europe-west1","19.84","38.28","369.0","Medium Risk - Rightsize Resource","147.6"
"res-3KX732X1","Cloud VPN","us-east1","0.88","78.54","4900.0","Medium Risk - Rightsize Resource","1960.0"
"res-JVCW6WXY","BigQuery","europe-west1","54.75","93.39","1390.0","Healthy","0.0"
"res-SXWYPIJP","Cloud Storage","asia-northeast1","46.23","64.83","5644.0","Healthy","0.0"
"res-2QQ6HOHO","BigQuery","northamerica-northeast1","27.67","10.1","1881.0","Low Risk - Review Memory Allocation","376.2"
"res-PAFNOK2A","Cloud Dataproc","asia-northeast1","8.65","10.66","2994.0","High Risk - Terminate or Downsize","2095.8"
"res-D79LIUCM","Cloud Endpoints","australia-southeast1","13.28","86.26","5095.0","Medium Risk - Rightsize Resource","2038.0"
"res-O7TJPBX0","Cloud NAT","us-central1","98.64","64.86","1782.0","Healthy","0.0"
"res-WGSVDFWN","Cloud VPN","europe-west3","97.98","92.04","4485.0","Healthy","0.0"
"res-4DO2MP7J","Cloud Load Balancing","southamerica-east1","13.6","72.79","895.0","Medium Risk - Rightsize Resource","358.0"
"res-E1TEQ68A","Cloud Build","europe-west3","74.52","16.13","2071.0","Low Risk - Review Memory Allocation","414.2"
"res-9EXDL0LJ","Dataflow","us-east1","34.31","45.39","370.0","Healthy","0.0"
"res-9I0KF8ZE","Cloud Interconnect","asia-east1","65.68","58.07","698.0","Healthy","0.0"
"res-1P8GV0VG","Container Registry","us-west1","43.62","75.96","2519.0","Healthy","0.0"
"res-C6M2YMQC","Pub/Sub","northamerica-northeast1","84.34","39.99","1635.0","Healthy","0.0"
"res-Y540QPHT","Pub/Sub","southamerica-east1","24.37","98.76","2720.0","Healthy","0.0"
"res-74241U61","Kubernetes Engine","australia-southeast1","83.18","59.63","458.0","Healthy","0.0"
"res-6F43M9Y6","Cloud Armor","asia-east1","44.1","34.63","1759.0","Healthy","0.0"
"res-VWM05I69","Cloud Load Balancing","southamerica-east1","32.34","42.97","7303.0","Healthy","0.0"
"res-G5VJ1M4Z","Dataflow","us-east1","42.96","39.11","478.0","Healthy","0.0"
"res-HS2X631B","Kubernetes Engine","europe-north1","44.81","78.87","1084.0","Healthy","0.0"
"res-LYGNJ32Z","Cloud Run","europe-north1","83.34","51.43","702.0","Healthy","0.0"
"res-Z56ZPSDU","Compute Engine","us-east1","28.85","92.55","307.0","Healthy","0.0"
"res-C6R5KLBL","Cloud NAT","europe-north1","48.3","90.99","1863.0","Healthy","0.0"
"res-5GDKWNDY","Cloud Endpoints","northamerica-northeast1","24.66","3.98","2883.0","Low Risk - Review Memory Allocation","576.6"
"res-T3Y6SA4H","Cloud Build","asia-southeast1","60.44","77.79","1657.0","Healthy","0.0"
"res-1HP4FD4P","Firestore","australia-southeast1","45.68","22.22","935.0","Low Risk - Review Memory Allocation","187.0"
"res-GZ7OSG7F","Cloud Interconnect","europe-north1","34.9","34.24","3853.0","Healthy","0.0"
"res-JVCSJXZW","Firestore","europe-west1","52.02","75.19","1579.0","Healthy","0.0"
"res-3KHNOERC","Cloud Interconnect","southamerica-east1","18.05","9.28","1671.0","Medium Risk - Rightsize Resource","668.4"
"res-82O1CU5O","Kubernetes Engine","asia-east1","50.19","66.6","307.0","Healthy","0.0"
"res-FKBX47G9","Cloud Run","europe-north1","41.18","81.14","180.0","Healthy","0.0"
"res-VN7DLO1M","Cloud Interconnect","asia-southeast1","2.5","40.41","2024.0","Medium Risk - Rightsize Resource","809.6"
"res-DN37URKZ","Cloud NAT","asia-northeast1","16.08","67.34","1587.0","Medium Risk - Rightsize Resource","634.8"
"res-4E62CARB","Cloud Storage","europe-west3","22.24","40.82","4535.0","Healthy","0.0"
"res-5GP5VC4H","Cloud SQL","us-central1","55.5","63.99","1319.0","Healthy","0.0"
"res-NSTICBTG","Pub/Sub","northamerica-northeast1","37.54","1.19","1557.0","Low Risk - Review Memory Allocation","311.4"
"res-0WGR132X","Cloud Memorystore","us-east1","44.96","44.96","8102.0","Healthy","0.0"
"res-1ET43TWO","Cloud NAT","europe-west1","59.39","3.49","721.0","Low Risk - Review Memory Allocation","144.2"
"res-J3K0S8WA","Cloud VPC","asia-east1","83.99","46.32","949.0","Healthy","0.0"
"res-ZNB547LC","Cloud Memorystore","us-east1","26.65","8.78","473.0","Low Risk - Review Memory Allocation","94.6"
"res-TJ8PJWH3","Cloud CDN","southamerica-east1","59.36","91.81","1832.0","Healthy","0.0"
"res-X8Z2TTPB","Cloud Build","asia-southeast1","94.84","65.76","6234.0","Healthy","0.0"
"res-ID3TQL0D","Cloud NAT","asia-southeast1","69.96","68.23","2171.0","Healthy","0.0"
"res-VQUTFC77","Cloud Functions","europe-north1","35.79","67.52","506.0","Healthy","0.0"
"res-3KUVBA4U","Kubernetes Engine","europe-north1","61.69","53.28","627.0","Healthy","0.0"
"res-8TQHCUBR","Firestore","europe-west3","60.79","7.4","281.0","Low Risk - Review Memory Allocation","56.2"
"res-G1UKX19E","Cloud CDN","southamerica-east1","93.75","81.69","3783.0","Healthy","0.0"
"res-5Z4G3E2Q","BigQuery","asia-east1","10.47","51.64","1519.0","Medium Risk - Rightsize Resource","607.6"
"res-389SKH1S","AI Platform","asia-east1","1.43","54.69","472.0","Medium Risk - Rightsize Resource","188.8"
"res-PMFSLBBH","Cloud Run","northamerica-northeast1","81.57","85.12","303.0","Healthy","0.0"
"res-PUPHN3NU","Cloud CDN","europe-north1","42.57","57.09","976.0","Healthy","0.0"
"res-EYL1TUPP","Cloud Armor","europe-west1","58.63","4.35","8045.0","Low Risk - Review Memory Allocation","1609.0"
"res-J19CN3NN","Cloud Functions","southamerica-east1","51.68","40.39","727.0","Healthy","0.0"
"res-YJD6C3D4","Kubernetes Engine","northamerica-northeast1","48.01","77.78","643.0","Healthy","0.0"
"res-CUF8T9GJ","Compute Engine","us-central1","27.91","20.82","230.0","Low Risk - Review Memory Allocation","46.0"
"res-ZYJ0EG74","Cloud Data Fusion","us-east1","71.99","90.71","5206.0","Healthy","0.0"
"res-OGSC78DB","Cloud CDN","asia-east1","26.6","9.73","2030.0","Low Risk - Review Memory Allocation","406.0"
"res-VE7R48S7","Cloud VPN","asia-northeast1","53.95","27.86","4768.0","Low Risk - Review Memory Allocation","953.6"
"res-LOLZV3LI","AI Platform","northamerica-northeast1","65.04","3.91","895.0","Low Risk - Review Memory Allocation","179.0"
"res-5X6K6WLT","Cloud VPC","asia-east1","96.28","35.39","3640.0","Healthy","0.0"
"res-0CUDY9AM","Compute Engine","europe-west3","36.04","12.92","587.0","Low Risk - Review Memory Allocation","117.4"
"res-AQ4RAS3L","Cloud Dataproc","us-west1","27.66","9.87","95.0","Low Risk - Review Memory Allocation","19.0"
"res-646U2LFY","Cloud Endpoints","asia-northeast1","49.9","77.79","5384.0","Healthy","0.0"
"res-AL8CY2G4","Cloud Endpoints","southamerica-east1","86.77","30.59","23.0","Healthy","0.0"
"res-I1EQ5CLU","Cloud Build","northamerica-northeast1","33.89","46.71","2216.0","Healthy","0.0"
"res-RX9UX2JI","Cloud Functions","asia-east1","73.97","13.99","151.0","Low Risk - Review Memory Allocation","30.2"
"res-XZR73CZX","Pub/Sub","us-central1","80.8","20.89","1980.0","Low Risk - Review Memory Allocation","396.0"
"res-0TOZI6GW","Cloud Data Fusion","southamerica-east1","88.89","58.96","3761.0","Healthy","0.0"
"res-73GJ8ZUQ","Cloud Functions","australia-southeast1","22.19","50.81","939.0","Healthy","0.0"
"res-AEERPNRU","Cloud Storage","asia-southeast1","56.02","62.7","358.0","Healthy","0.0"
"res-04VZR9YX","Cloud Data Fusion","asia-southeast1","44.24","88.33","5567.0","Healthy","0.0"
"res-XCM67VGG","Cloud NAT","asia-east1","88.72","54.12","5966.0","Healthy","0.0"
"res-MHUZ0UCB","Cloud NAT","southamerica-east1","25.5","89.97","3313.0","Healthy","0.0"
"res-6DI4L9KW","Cloud Run","asia-southeast1","63.32","15.88","336.0","Low Risk - Review Memory Allocation","67.2"
"res-1OTG2ED8","Dataflow","us-central1","81.15","33.15","400.0","Healthy","0.0"
"res-YC6UWXKN","AI Platform","asia-southeast1","47.99","94.08","473.0","Healthy","0.0"
"res-EZZPDSGT","Compute Engine","asia-southeast1","37.57","32.15","997.0","Healthy","0.0"
"res-1RO85N0I","Compute Engine","southamerica-east1","40.24","94.45","306.0","Healthy","0.0"
"res-B0V0BXYX","Cloud Dataproc","us-east1","23.43","19.38","204.0","Low Risk - Review Memory Allocation","40.8"
"res-Q1Z642YW","Cloud Interconnect","us-east1","8.12","42.07","3960.0","Medium Risk - Rightsize Resource","1584.0"
"res-7I5BNPH4","Kubernetes Engine","australia-southeast1","35.24","50.33","660.0","Healthy","0.0"
"res-8OS99PYD","Cloud Spanner","southamerica-east1","24.7","82.03","1288.0","Healthy","0.0"
"res-8BZBGC0U","Cloud Dataproc","europe-west3","59.54","17.43","3203.0","Low Risk - Review Memory Allocation","640.6"
"res-0PKXQAXF","Cloud Endpoints","us-east1","85.67","57.03","4377.0","Healthy","0.0"
"res-16BUMNBK","Cloud Memorystore","europe-west1","90.6","16.05","2299.0","Low Risk - Review Memory Allocation","459.8"
"res-MF8DX3V6","Cloud Armor","us-central1","59.37","20.17","5930.0","Low Risk - Review Memory Allocation","1186.0"
"res-H0DVICQY","Cloud Memorystore","southamerica-east1","22.52","11.7","3051.0","Low Risk - Review Memory Allocation","610.2"
"res-MMDE8EPH","Cloud Memorystore","asia-southeast1","39.3","69.62","1149.0","Healthy","0.0"
"res-4S2BRMYT","Cloud Build","australia-southeast1","96.89","87.84","2335.0","Healthy","0.0"
"res-XQL2AHQF","Cloud Spanner","australia-southeast1","55.72","40.37","2484.0","Healthy","0.0"
"res-RQBGWF4Z","Firestore","australia-southeast1","5.05","34.96","3383.0","Medium Risk - Rightsize Resource","1353.2"
"res-6RW65FE5","Kubernetes Engine","asia-southeast1","29.94","23.61","499.0","Low Risk - Review Memory Allocation","99.8"
"res-BCMWHPZX","Cloud Endpoints","asia-east1","43.56","38.53","4668.0","Healthy","0.0"
"res-O31OVWGU","Cloud Spanner","us-central1","49.46","31.14","2733.0","Healthy","0.0"
"res-E7UTIGZQ","BigQuery","southamerica-east1","73.8","27.76","292.0","Low Risk - Review Memory Allocation","58.4"
"res-09E1SUAC","Cloud VPN","europe-west3","30.35","94.56","6497.0","Healthy","0.0"
"res-7DE9JX1O","Cloud VPN","northamerica-northeast1","0.67","93.53","4448.0","Medium Risk - Rightsize Resource","1779.2"
"res-KMJ0ZWLU","Cloud NAT","europe-west3","11.58","44.74","6894.0","Medium Risk - Rightsize Resource","2757.6"
"res-7YHGGLUF","Cloud Memorystore","europe-north1","50.22","39.91","3037.0","Healthy","0.0"
"res-AVL32DIT","AI Platform","asia-southeast1","28.98","27.72","642.0","Low Risk - Review Memory Allocation","128.4"
"res-NDDYJYFK","Cloud Spanner","australia-southeast1","52.27","85.56","1772.0","Healthy","0.0"
"res-VUQ7XBR2","AI Platform","europe-north1","5.71","21.9","170.0","High Risk - Terminate or Downsize","119.0"
"res-58DCP6N2","Cloud Build","europe-west1","53.64","27.09","1711.0","Low Risk - Review Memory Allocation","342.2"
"res-OZI3Q9ZQ","Cloud NAT","us-east1","4.19","45.77","4094.0","Medium Risk - Rightsize Resource","1637.6"
"res-BTHVTPVM","Cloud Memorystore","us-east1","83.25","23.02","3619.0","Low Risk - Review Memory Allocation","723.8"
"res-C5CZKKHQ","Cloud Armor","asia-east1","55.0","38.71","2912.0","Healthy","0.0"
"res-VF6FXCMT","Firestore","us-central1","84.79","69.28","14.0","Healthy","0.0"
"res-72P7USQ6","Cloud SQL","europe-north1","7.5","81.05","6772.0","Medium Risk - Rightsize Resource","2708.8"
"res-PTRRMRUK","Cloud Interconnect","europe-north1","55.6","58.23","2761.0","Healthy","0.0"
"res-IJNXZ1NF","Container Registry","europe-north1","69.25","79.97","6997.0","Healthy","0.0"
"res-8F9Q0YB6","Cloud VPC","us-east1","62.75","96.88","313.0","Healthy","0.0"
"res-ZT4WVZWK","Cloud Run","southamerica-east1","98.37","72.23","86.0","Healthy","0.0"
"res-KSQS8ZME","Cloud Spanner","southamerica-east1","95.56","72.32","2646.0","Healthy","0.0"
"res-LYT5L04L","Cloud Dataproc","northamerica-northeast1","45.3","34.28","880.0","Healthy","0.0"
"res-Z20WG5ZX","Container Registry","europe-north1","65.91","16.06","5822.0","Low Risk - Review Memory Allocation","1164.4"
"res-S0A3I6KB","Cloud CDN","us-central1","54.61","56.86","1189.0","Healthy","0.0"
"res-EJM2VMLK","Cloud Spanner","europe-west1","97.45","80.05","220.0","Healthy","0.0"
"res-1N1PQBTG","Dataflow","europe-west1","80.47","96.47","626.0","Healthy","0.0"
"res-9DDBUWHQ","Kubernetes Engine","asia-southeast1","62.01","87.4","108.0","Healthy","0.0"
"res-KC83Q99Y","Cloud Run","europe-west1","31.15","9.74","612.0","Low Risk - Review Memory Allocation","122.4"
"res-YD1IOCX0","Cloud Build","southamerica-east1","14.52","59.68","4105.0","Medium Risk - Rightsize Resource","1642.0"
"res-US4RKQ3B","Cloud SQL","us-east1","80.25","53.74","1179.0","Healthy","0.0"
"res-45UOBT4K","Container Registry","europe-west3","59.15","20.62","3704.0","Low Risk - Review Memory Allocation","740.8"
"res-R6V1BSDX","AI Platform","australia-southeast1","34.64","35.93","332.0","Healthy","0.0"
"res-539OP86H","Cloud VPN","southamerica-east1","90.33","23.82","4628.0","Low Risk - Review Memory Allocation","925.6"
"res-R6V5BB2L","Cloud Load Balancing","northamerica-northeast1","1.32","59.95","6732.0","Medium Risk - Rightsize Resource","2692.8"
"res-2RV15ZP7","Cloud Build","europe-west1","21.6","39.95","2742.0","Healthy","0.0"
"res-XK8ZUWJA","Firestore","europe-west1","54.66","80.7","7072.0","Healthy","0.0"
"res-ZYERG9LE","Cloud Memorystore","asia-east1","32.98","73.1","7555.0","Healthy","0.0"
"res-0JHYJ1B4","Container Registry","us-east1","85.02","46.63","4384.0","Healthy","0.0"
"res-2JRVPSWP","Cloud Functions","us-central1","1.31","91.65","191.0","Medium Risk - Rightsize Resource","76.4"
"res-AP3286AB","Cloud VPC","europe-west3","76.47","34.82","1141.0","Healthy","0.0"
"res-9DNO9QPT","Cloud SQL","us-central1","5.09","86.08","1052.0","Medium Risk - Rightsize Resource","420.8"
"res-J4TRG8XL","Cloud Functions","asia-east1","88.9","43.58","127.0","Healthy","0.0"
"res-S6ZTAF66","Cloud Functions","europe-west3","19.67","91.21","407.0","Medium Risk - Rightsize Resource","162.8"
"res-FOA4IPAX","Cloud Spanner","asia-southeast1","24.27","80.79","2008.0","Healthy","0.0"
"res-3C0U1R2L","Cloud VPN","europe-north1","79.25","88.04","4135.0","Healthy","0.0"
"res-TN5WOFB9","Pub/Sub","europe-west1","59.62","83.14","1244.0","Healthy","0.0"
"res-WVOZ77BZ","Cloud VPN","asia-east1","47.74","44.67","2688.0","Healthy","0.0"
"res-C2XCQI33","Container Registry","us-east1","44.2","31.66","1763.0","Healthy","0.0"
"res-2477FO6T","Cloud Data Fusion","us-west1","51.86","87.87","157.0","Healthy","0.0"
"res-ORDNJ24E","Kubernetes Engine","australia-southeast1","70.13","59.73","817.0","Healthy","0.0"
"res-FRZUHUVP","Dataflow","europe-west1","71.61","91.37","131.0","Healthy","0.0"
"res-UROCE2L7","Cloud VPC","europe-west1","74.65","31.91","2971.0","Healthy","0.0"
"res-LR7KJKOA","Cloud SQL","europe-west1","92.08","70.7","3626.0","Healthy","0.0"
"res-UGEUXAAR","Kubernetes Engine","us-central1","52.52","97.7","521.0","Healthy","0.0"
"res-W8GT53T9","Cloud NAT","us-west1","6.07","48.18","3360.0","Medium Risk - Rightsize Resource","1344.0"
"res-ALXOYSRK","Cloud Data Fusion","southamerica-east1","94.02","16.06","86.0","Low Risk - Review Memory Allocation","17.2"
"res-BZNFRDX2","Cloud VPC","europe-north1","23.07","31.52","1054.0","Healthy","0.0"
"res-6C3V0R66","Cloud Storage","asia-northeast1","18.53","30.3","1998.0","Medium Risk - Rightsize Resource","799.2"
"res-UOI35WIO","Cloud CDN","europe-west3","74.93","39.42","7329.0","Healthy","0.0"
"res-7SK0IW04","Cloud Storage","europe-west3","94.49","62.81","213.0","Healthy","0.0"
"res-FHUOQ7BP","Cloud Armor","europe-west3","39.04","90.32","1193.0","Healthy","0.0"
"res-2H5XPJCL","Pub/Sub","southamerica-east1","77.41","56.61","1230.0","Healthy","0.0"
"res-2XJ967QZ","Cloud Armor","us-central1","87.85","37.18","4485.0","Healthy","0.0"
"res-4QU0YIQZ","Cloud VPC","europe-west3","9.78","85.01","2925.0","Medium Risk - Rightsize Resource","1170.0"
"res-X5BTK7T1","Cloud Data Fusion","asia-southeast1","21.95","3.74","2226.0","Low Risk - Review Memory Allocation","445.2"
"res-ILRQ5BOR","Cloud Storage","northamerica-northeast1","37.34","87.67","4742.0","Healthy","0.0"
"res-LZN5MXKZ","Pub/Sub","asia-east1","27.33","95.49","1746.0","Healthy","0.0"
"res-GIS6VY8D","Cloud Build","southamerica-east1","90.24","74.11","770.0","Healthy","0.0"
"res-9PQAWL9B","Cloud Build","europe-west3","79.56","21.86","5151.0","Low Risk - Review Memory Allocation","1030.2"
"res-A4ULLZJW","Cloud Storage","us-west1","13.58","33.18","1800.0","Medium Risk - Rightsize Resource","720.0"
"res-NMOO691Q","Cloud NAT","northamerica-northeast1","99.97","28.88","2198.0","Low Risk - Review Memory Allocation","439.6"
"res-JIHT0WWH","Cloud VPN","southamerica-east1","97.85","91.44","5438.0","Healthy","0.0"
"res-AFUYJB0H","Cloud Build","europe-west3","40.56","5.12","3920.0","Low Risk - Review Memory Allocation","784.0"
"res-JMGZF3QU","Cloud Endpoints","europe-north1","84.51","45.14","219.0","Healthy","0.0"
"res-244K42M1","Pub/Sub","asia-southeast1","20.99","98.45","6063.0","Healthy","0.0"
"res-FSPGUZ6S","Cloud Run","asia-east1","97.4","56.97","317.0","Healthy","0.0"
"res-NJ8FT0KB","Firestore","asia-southeast1","58.89","97.27","2142.0","Healthy","0.0"
"res-P8YZ4FWM","Cloud Endpoints","northamerica-northeast1","59.89","18.97","4700.0","Low Risk - Review Memory Allocation","940.0"
"res-1GXD61J7","Cloud Data Fusion","southamerica-east1","34.89","39.97","1209.0","Healthy","0.0"
"res-2QG7Y510","Cloud Run","us-central1","65.91","24.26","340.0","Low Risk - Review Memory Allocation","68.0"
"res-LN6R2D91","Kubernetes Engine","asia-east1","76.81","64.04","278.0","Healthy","0.0"
"res-5YTFENT5","Cloud Build","southamerica-east1","26.95","25.64","6176.0","Low Risk - Review Memory Allocation","1235.2"
"res-G5MKIZMW","Cloud Run","asia-east1","78.93","63.69","246.0","Healthy","0.0"
"res-602AFQM4","Kubernetes Engine","australia-southeast1","83.95","39.68","386.0","Healthy","0.0"
"res-AHNBC1V6","Cloud Endpoints","europe-north1","72.75","57.96","789.0","Healthy","0.0"
"res-L5LC38CL","AI Platform","us-central1","76.49","69.71","55.0","Healthy","0.0"
"res-ZOOSV7U0","Cloud Armor","europe-west1","28.27","51.95","2136.0","Healthy","0.0"
"res-1J735M7J","Cloud Run","europe-west3","49.33","45.03","304.0","Healthy","0.0"
"res-RRTQYB1W","Cloud Memorystore","us-central1","96.43","51.92","690.0","Healthy","0.0"
"res-FGBS0WGH","Cloud Build","northamerica-northeast1","12.45","61.62","3357.0","Medium Risk - Rightsize Resource","1342.8"
"res-PWICWFVI","Cloud Storage","europe-west3","56.26","62.14","7244.0","Healthy","0.0"
"res-7YK3TQE4","Kubernetes Engine","asia-east1","91.64","12.52","351.0","Low Risk - Review Memory Allocation","70.2"
"res-J0V30FRI","Cloud Interconnect","us-east1","73.3","96.95","1802.0","Healthy","0.0"
"res-V73RDKOP","Cloud Endpoints","europe-west3","44.05","1.48","1880.0","Low Risk - Review Memory Allocation","376.0"
"res-PU0JBV9Y","Firestore","us-west1","81.61","50.26","1857.0","Healthy","0.0"
"res-1KB82DYG","Pub/Sub","australia-southeast1","51.35","48.91","3863.0","Healthy","0.0"
"res-X2N9B19G","Container Registry","asia-east1","90.78","86.3","2954.0","Healthy","0.0"
"res-20XGKVRF","Cloud Endpoints","australia-southeast1","75.76","98.84","4926.0","Healthy","0.0"
"res-RMU6UPAA","Dataflow","europe-west3","9.57","50.39","282.0","Medium Risk - Rightsize Resource","112.8"
"res-D9YP5JBF","Cloud Storage","us-east1","57.06","22.3","3703.0","Low Risk - Review Memory Allocation","740.6"
"res-Q001KRCJ","AI Platform","us-east1","9.87","99.57","117.0","Medium Risk - Rightsize Resource","46.8"
"res-88PVHM3A","Cloud VPN","us-east1","44.87","61.09","6146.0","Healthy","0.0"
"res-G6T28FP4","Dataflow","northamerica-northeast1","72.52","1.51","363.0","Low Risk - Review Memory Allocation","72.6"
"res-SV1O8NCR","Cloud CDN","europe-west1","7.57","82.52","4249.0","Medium Risk - Rightsize Resource","1699.6"
"res-2JNCMS7N","Cloud Interconnect","us-central1","81.55","79.67","3345.0","Healthy","0.0"
"res-V74BYSS7","Cloud Storage","europe-west3","5.83","72.51","505.0","Medium Risk - Rightsize Resource","202.0"
"res-7HN7RZ4O","Firestore","europe-north1","81.56","41.86","6692.0","Healthy","0.0"
"res-GS1KK7AZ","Pub/Sub","europe-north1","97.68","14.98","1716.0","Low Risk - Review Memory Allocation","343.2"
"res-D6S0XWDH","Cloud Run","europe-north1","58.0","73.66","1130.0","Healthy","0.0"
"res-T0HRH0Q7","Cloud Build","us-east1","95.54","1.83","4344.0","Low Risk - Review Memory Allocation","868.8"
"res-S76CVVV0","Cloud Storage","australia-southeast1","36.32","44.99","752.0","Healthy","0.0"
"res-XID13Z75","Cloud Data Fusion","europe-west1","67.88","52.34","1094.0","Healthy","0.0"
"res-IAQOWG44","Cloud Storage","europe-west3","15.15","0.46","1957.0","Medium Risk - Rightsize Resource","782.8"
"res-LWCETABL","Cloud Data Fusion","southamerica-east1","57.93","37.46","5645.0","Healthy","0.0"
"res-AVUOMRX1","Cloud SQL","us-east1","45.97","23.87","3994.0","Low Risk - Review Memory Allocation","798.8"
"res-J8G7NJAD","Cloud Storage","northamerica-northeast1","9.59","28.75","912.0","Medium Risk - Rightsize Resource","364.8"
"res-VDWB23OS","Kubernetes Engine","northamerica-northeast1","25.47","23.54","688.0","Low Risk - Review Memory Allocation","137.6"
"res-FJK6RBWJ","Cloud SQL","us-east1","83.68","54.06","325.0","Healthy","0.0"
"res-89Y5XH07","AI Platform","europe-north1","44.99","73.76","247.0","Healthy","0.0"
"res-51S0QIGR","Firestore","australia-southeast1","95.1","76.72","3899.0","Healthy","0.0"
"res-RQ2DAE5D","Cloud Run","asia-southeast1","5.5","55.66","451.0","Medium Risk - Rightsize Resource","180.4"
"res-MUPY9G3R","Cloud VPC","asia-northeast1","15.52","37.1","2763.0","Medium Risk - Rightsize Resource","1105.2"
"res-12ONWGY0","Cloud Armor","northamerica-northeast1","61.56","0.16","436.0","Low Risk - Review Memory Allocation","87.2"
"res-TIDGZD5D","Cloud Memorystore","southamerica-east1","66.47","81.04","1037.0","Healthy","0.0"
"res-OQIQBRJ4","Cloud SQL","europe-west3","56.03","6.02","3618.0","Low Risk - Review Memory Allocation","723.6"
"res-TOWIZPQ6","Cloud Interconnect","asia-east1","65.57","87.62","1156.0","Healthy","0.0"
"res-HL2D36SZ","Cloud Build","europe-north1","22.99","75.22","114.0","Healthy","0.0"
"res-HXSZTC02","Cloud Run","northamerica-northeast1","25.89","96.14","142.0","Healthy","0.0"
"res-XVQ1M91N","Cloud VPC","northamerica-northeast1","35.39","32.36","4480.0","Healthy","0.0"
"res-79FPROWE","Cloud Data Fusion","europe-north1","53.52","54.18","2105.0","Healthy","0.0"
"res-723DJQ6D","Cloud Data Fusion","asia-northeast1","7.96","10.82","8693.0","High Risk - Terminate or Downsize","6085.1"
"res-UUZ2KMR0","Cloud VPN","us-east1","49.41","60.54","1873.0","Healthy","0.0"
"res-2YI0KXQ4","Cloud Storage","southamerica-east1","37.22","58.66","6413.0","Healthy","0.0"
"res-BIZLO9XV","Cloud Load Balancing","europe-west3","85.61","27.21","5186.0","Low Risk - Review Memory Allocation","1037.2"
"res-3O5Q6SPM","Cloud Spanner","australia-southeast1","12.38","39.08","6245.0","Medium Risk - Rightsize Resource","2498.0"
"res-LF2TM5UY","Cloud Endpoints","us-west1","62.06","35.75","4032.0","Healthy","0.0"
"res-N1V5L3PF","Cloud VPN","northamerica-northeast1","75.7","97.66","3441.0","Healthy","0.0"
"res-K27AH0K9","Cloud CDN","europe-north1","81.86","14.13","1654.0","Low Risk - Review Memory Allocation","330.8"
"res-FFU623P2","Cloud Interconnect","europe-west1","31.21","54.64","2145.0","Healthy","0.0"
"res-XWQV2S7H","Cloud Functions","asia-northeast1","95.83","41.85","599.0","Healthy","0.0"
"res-9H929X64","Cloud Functions","asia-east1","93.44","68.76","388.0","Healthy","0.0"
"res-0OKK21UC","Cloud CDN","us-central1","70.05","67.12","1485.0","Healthy","0.0"
"res-CL1J2OYA","Dataflow","europe-north1","57.77","5.48","152.0","Low Risk - Review Memory Allocation","30.4"
"res-X4MU63JA","Firestore","asia-northeast1","38.26","33.25","1181.0","Healthy","0.0"
"res-SEIJTZ7P","Compute Engine","asia-east1","10.17","93.94","264.0","Medium Risk - Rightsize Resource","105.6"
"res-0JDXNFWD","Dataflow","europe-west1","56.0","45.03","248.0","Healthy","0.0"
"res-DFXDPR49","Cloud Interconnect","europe-west3","5.96","31.13","2233.0","Medium Risk - Rightsize Resource","893.2"
"res-39CXL3S6","Pub/Sub","asia-east1","46.98","68.94","1813.0","Healthy","0.0"
"res-I8QITTRF","Firestore","us-central1","72.5","75.43","489.0","Healthy","0.0"
"res-7G3IAMPQ","Cloud Interconnect","asia-east1","99.67","25.22","104.0","Low Risk - Review Memory Allocation","20.8"
"res-MSQ1NK26","Compute Engine","southamerica-east1","21.01","90.87","545.0","Healthy","0.0"
"res-3R9TGT07","Cloud Endpoints","northamerica-northeast1","81.91","97.66","890.0","Healthy","0.0"
"res-SQ9YX98C","Cloud CDN","europe-west3","43.99","26.46","3925.0","Low Risk - Review Memory Allocation","785.0"
"res-2W7UN71I","Cloud Endpoints","asia-northeast1","62.24","16.55","1279.0","Low Risk - Review Memory Allocation","255.8"
"res-P3ZI6VO8","Dataflow","asia-southeast1","84.53","65.92","293.0","Healthy","0.0"
"res-LDEFKZID","Cloud Armor","us-central1","49.86","71.17","1145.0","Healthy","0.0"
"res-88OPB1KK","Pub/Sub","asia-east1","31.71","70.24","2263.0","Healthy","0.0"
"res-GN2VQM09","Cloud Functions","us-west1","39.94","64.89","625.0","Healthy","0.0"
"res-AJJX91AK","Cloud Spanner","europe-north1","7.34","6.22","6825.0","High Risk - Terminate or Downsize","4777.5"
"res-7DBWLHZC","Cloud Spanner","europe-north1","48.44","33.53","2582.0","Healthy","0.0"
"res-3B55JMP3","Pub/Sub","northamerica-northeast1","79.14","83.42","4575.0","Healthy","0.0"
"res-ESKAT58I","Container Registry","us-central1","53.62","91.94","3209.0","Healthy","0.0"
"res-BNWFJDUX","Dataflow","europe-west3","7.16","26.61","1013.0","Medium Risk - Rightsize Resource","405.2"
"res-Y2LPJK5N","Cloud VPN","northamerica-northeast1","71.06","31.47","610.0","Healthy","0.0"
"res-UCRJNM18","AI Platform","europe-west1","47.14","18.34","251.0","Low Risk - Review Memory Allocation","50.2"
"res-ZGO426P7","BigQuery","europe-west1","58.92","50.88","404.0","Healthy","0.0"
"res-RJHBOG4O","Cloud Build","asia-east1","52.04","45.49","3012.0","Healthy","0.0"
"res-BJRQUXE2","Firestore","europe-west3","39.2","95.49","3257.0","Healthy","0.0"
"res-B56DIFV0","Cloud Load Balancing","asia-southeast1","28.77","38.37","595.0","Healthy","0.0"
"res-0ICXG4ZW","Cloud Dataproc","southamerica-east1","36.6","44.59","2070.0","Healthy","0.0"
"res-BI34UWGA","Cloud CDN","northamerica-northeast1","58.6","13.0","7492.0","Low Risk - Review Memory Allocation","1498.4"
"res-TUPZVVKE","Cloud Memorystore","us-east1","59.17","45.32","989.0","Healthy","0.0"
"res-GEV1Y8HI","Cloud Storage","us-central1","45.59","0.74","1711.0","Low Risk - Review Memory Allocation","342.2"
"res-PAL051U9","Compute Engine","asia-east1","29.46","43.02","897.0","Healthy","0.0"
"res-8J3C2M2T","Cloud VPN","us-east1","53.45","20.49","1184.0","Low Risk - Review Memory Allocation","236.8"
"res-WSPS7X5M","Cloud Endpoints","southamerica-east1","35.25","47.74","5110.0","Healthy","0.0"
"res-0IY5CRHC","Cloud Endpoints","us-central1","53.22","40.17","3543.0","Healthy","0.0"
"res-VYZLUG57","Firestore","asia-southeast1","95.03","33.02","3434.0","Healthy","0.0"
"res-OORW7Y1Q","Compute Engine","europe-north1","64.12","10.05","142.0","Low Risk - Review Memory Allocation","28.4"
"res-A5ZSG12K","Kubernetes Engine","northamerica-northeast1","43.12","83.74","133.0","Healthy","0.0"
"res-MAVKE4GL","Cloud Interconnect","us-west1","51.03","44.13","5361.0","Healthy","0.0"
"res-0YFKNFF9","BigQuery","europe-north1","68.52","82.26","2966.0","Healthy","0.0"
"res-9MSA5DVB","Cloud Memorystore","europe-west1","59.21","69.65","302.0","Healthy","0.0"
"res-0NU1STIM","Cloud SQL","northamerica-northeast1","2.61","7.63","2236.0","High Risk - Terminate or Downsize","1565.2"
"res-QGS9F0Q3","Cloud NAT","us-west1","87.72","47.91","1033.0","Healthy","0.0"
"res-55NYF6H9","Firestore","europe-west3","5.54","13.21","2640.0","High Risk - Terminate or Downsize","1848.0"
"res-THH37V0A","Firestore","asia-east1","33.72","86.85","1937.0","Healthy","0.0"
"res-TFPMPEIG","Container Registry","us-central1","51.19","96.26","5170.0","Healthy","0.0"
"res-6N22OLZ8","Cloud Spanner","asia-northeast1","59.61","29.73","2236.0","Low Risk - Review Memory Allocation","447.2"
"res-U03PSDGO","Kubernetes Engine","us-central1","67.07","34.07","447.0","Healthy","0.0"
"res-C2BO9C9A","Cloud Build","asia-northeast1","15.22","33.29","1100.0","Medium Risk - Rightsize Resource","440.0"
"res-GTVL3MN7","Cloud Interconnect","us-west1","63.27","81.93","437.0","Healthy","0.0"
"res-OZF4OSTM","Cloud Functions","europe-west1","29.83","54.6","812.0","Healthy","0.0"
"res-8VF7SQNS","Cloud VPN","europe-west1","14.81","29.94","631.0","Medium Risk - Rightsize Resource","252.4"
"res-TXE03SK4","BigQuery","southamerica-east1","7.52","70.95","2324.0","Medium Risk - Rightsize Resource","929.6"
"res-IKCJY3HZ","Firestore","northamerica-northeast1","4.19","66.7","5014.0","Medium Risk - Rightsize Resource","2005.6"
"res-TIBV15AR","Cloud Build","asia-east1","8.17","50.76","1251.0","Medium Risk - Rightsize Resource","500.4"
"res-5YAYM33B","Cloud Interconnect","us-east1","52.18","35.2","1158.0","Healthy","0.0"
"res-TH1L34PP","Compute Engine","europe-north1","96.41","93.46","572.0","Healthy","0.0"
"res-TX87IQKK","Cloud Functions","europe-west3","51.62","84.34","61.0","Healthy","0.0"
"res-SGGDE383","Cloud CDN","asia-southeast1","65.39","96.46","440.0","Healthy","0.0"
"res-GHLDEZ5Z","Cloud Memorystore","us-central1","78.52","13.57","2715.0","Low Risk - Review Memory Allocation","543.0"
"res-UKLS5GOC","Cloud Memorystore","northamerica-northeast1","9.38","29.91","3490.0","Medium Risk - Rightsize Resource","1396.0"
"res-02OHKV13","BigQuery","asia-southeast1","66.96","5.11","3093.0","Low Risk - Review Memory Allocation","618.6"
"res-9NKCFDV5","Cloud Dataproc","europe-north1","55.0","94.6","337.0","Healthy","0.0"
"res-3L534J8F","Cloud NAT","europe-west1","31.41","66.93","6817.0","Healthy","0.0"
"res-8URTNW3D","Cloud Load Balancing","southamerica-east1","89.81","9.69","2913.0","Low Risk - Review Memory Allocation","582.6"
"res-JANIO4Q7","Cloud VPC","europe-north1","24.74","87.26","5425.0","Healthy","0.0"
"res-D898I2VF","Cloud Spanner","europe-west3","25.97","35.92","1888.0","Healthy","0.0"
"res-MHZNFQHE","Cloud VPC","asia-northeast1","74.45","59.61","376.0","Healthy","0.0"
"res-DH7HJH9O","Kubernetes Engine","northamerica-northeast1","25.53","26.24","234.0","Low Risk - Review Memory Allocation","46.8"
"res-A1PJKUSI","Cloud Run","asia-northeast1","40.96","17.44","210.0","Low Risk - Review Memory Allocation","42.0"
"res-B7JMXF5F","Dataflow","us-west1","12.74","46.18","486.0","Medium Risk - Rightsize Resource","194.4"
"res-ETVN9GGT","Dataflow","asia-northeast1","66.18","54.39","122.0","Healthy","0.0"
"res-AVLT0649","Cloud Run","asia-east1","63.58","55.02","477.0","Healthy","0.0"
"res-6LDJHEG0","Cloud Storage","australia-southeast1","18.21","45.07","1891.0","Medium Risk - Rightsize Resource","756.4"
"res-KMJQB3LC","Cloud Dataproc","us-central1","54.68","87.03","1167.0","Healthy","0.0"
"res-39V2TT63","Cloud Build","southamerica-east1","6.38","81.03","317.0","Medium Risk - Rightsize Resource","126.8"
"res-JNJGGP0G","AI Platform","europe-north1","5.17","44.41","268.0","Medium Risk - Rightsize Resource","107.2"
"res-Q845DRSP","Cloud CDN","asia-southeast1","87.46","31.97","2781.0","Healthy","0.0"
"res-VWLOQR77","Cloud Dataproc","asia-east1","19.48","46.39","2230.0","Medium Risk - Rightsize Resource","892.0"
"res-DVVN7T9Q","Cloud Run","northamerica-northeast1","13.75","88.12","285.0","Medium Risk - Rightsize Resource","114.0"
"res-2YXBZC6D","Firestore","northamerica-northeast1","59.27","52.16","6454.0","Healthy","0.0"
"res-0N5NMWZL","AI Platform","europe-west1","48.26","76.22","410.0","Healthy","0.0"
"res-YGMO3Z8T","Cloud Run","europe-north1","33.43","98.81","100.0","Healthy","0.0"
"res-8RTLG18B","Compute Engine","asia-east1","28.36","60.41","164.0","Healthy","0.0"
"res-G02OJ5GU","Cloud Spanner","australia-southeast1","7.24","88.14","858.0","Medium Risk - Rightsize Resource","343.2"
"res-0OBWMFY3","Cloud CDN","australia-southeast1","29.26","5.84","2470.0","Low Risk - Review Memory Allocation","494.0"
"res-O6D0SC42","Cloud Build","europe-west1","50.46","15.86","1753.0","Low Risk - Review Memory Allocation","350.6"
"res-7G8BZR6E","Cloud Memorystore","asia-southeast1","46.44","26.05","807.0","Low Risk - Review Memory Allocation","161.4"
"res-AGO278CW","Compute Engine","asia-southeast1","14.64","17.36","996.0","Medium Risk - Rightsize Resource","398.4"
"res-Q4HVSTFI","Cloud Spanner","northamerica-northeast1","43.68","4.57","7514.0","Low Risk - Review Memory Allocation","1502.8"
"res-LDUWFQNE","Cloud Spanner","asia-southeast1","2.54","73.14","1848.0","Medium Risk - Rightsize Resource","739.2"
"res-C9KNE491","Cloud Spanner","asia-southeast1","76.01","55.07","140.0","Healthy","0.0"
"res-XQMIIKI9","Cloud Memorystore","europe-north1","44.75","9.62","2009.0","Low Risk - Review Memory Allocation","401.8"
"res-60OEWXWF","Cloud Functions","us-west1","57.84","47.91","969.0","Healthy","0.0"
"res-DUKFU5I4","Cloud Spanner","us-west1","86.68","62.09","151.0","Healthy","0.0"
"res-G1ZCLA7N","Cloud Storage","australia-southeast1","12.13","62.87","1091.0","Medium Risk - Rightsize Resource","436.4"
"res-XNWD3FA7","Cloud Spanner","asia-southeast1","57.86","17.83","2056.0","Low Risk - Review Memory Allocation","411.2"
"res-CKK4HJG9","Dataflow","northamerica-northeast1","68.85","81.28","590.0","Healthy","0.0"
"res-D58ANTC0","Cloud Memorystore","asia-east1","15.91","64.82","1035.0","Medium Risk - Rightsize Resource","414.0"
"res-W1QVUAUY","Compute Engine","europe-north1","79.09","39.55","292.0","Healthy","0.0"
"res-YECWTX82","Pub/Sub","europe-west3","17.02","93.57","2465.0","Medium Risk - Rightsize Resource","986.0"
"res-5ON05WRC","Cloud Armor","australia-southeast1","13.75","65.66","252.0","Medium Risk - Rightsize Resource","100.8"
"res-JEOTOEFV","BigQuery","australia-southeast1","34.57","79.93","1228.0","Healthy","0.0"
"res-B9MWAZE5","Cloud CDN","southamerica-east1","44.48","83.85","6856.0","Healthy","0.0"
"res-5O2320IK","Cloud SQL","us-west1","27.7","44.05","7260.0","Healthy","0.0"
"res-2J6KURCC","Pub/Sub","southamerica-east1","54.45","66.21","2090.0","Healthy","0.0"
"res-2E4RS9BK","Dataflow","asia-southeast1","26.77","9.98","488.0","Low Risk - Review Memory Allocation","97.6"
"res-2B6KCTWB","Cloud CDN","europe-west3","44.62","71.37","308.0","Healthy","0.0"
"res-AKIHTJ34","Cloud Load Balancing","australia-southeast1","85.23","77.67","97.0","Healthy","0.0"
"res-DV9JRPGE","Cloud NAT","australia-southeast1","68.13","48.34","6444.0","Healthy","0.0"
"res-366EBDKF","Cloud VPN","europe-west1","37.1","44.59","5307.0","Healthy","0.0"
"res-RILN0892","Cloud Memorystore","us-east1","36.59","82.86","3614.0","Healthy","0.0"
"res-UGI64PSX","Cloud Run","us-east1","3.69","38.04","46.0","Medium Risk - Rightsize Resource","18.4"
"res-L7CEPN9U","Kubernetes Engine","asia-northeast1","99.25","14.54","305.0","Low Risk - Review Memory Allocation","61.0"
"res-X1LNU5KK","Cloud Dataproc","us-east1","48.72","36.85","7284.0","Healthy","0.0"
"res-IUHELOPE","Kubernetes Engine","us-central1","29.65","91.42","360.0","Healthy","0.0"
"res-1J9NB1YD","AI Platform","australia-southeast1","86.74","82.37","534.0","Healthy","0.0"
"res-J4Q4WQCN","Cloud Storage","asia-east1","88.78","53.5","784.0","Healthy","0.0"
"res-L8NU3JXW","Pub/Sub","asia-east1","33.15","23.82","2230.0","Low Risk - Review Memory Allocation","446.0"
"res-9ZHF4QCE","Cloud Endpoints","europe-north1","11.97","48.34","32.0","Medium Risk - Rightsize Resource","12.8"
"res-C7Q1K5Q8","Pub/Sub","us-west1","77.29","66.41","475.0","Healthy","0.0"
"res-EVJ09YOW","Container Registry","europe-west1","5.84","51.52","2346.0","Medium Risk - Rightsize Resource","938.4"
"res-DCKJEF1X","Cloud CDN","asia-northeast1","18.89","68.0","1934.0","Medium Risk - Rightsize Resource","773.6"
"res-4NZZD9YJ","Cloud Storage","asia-southeast1","72.41","59.99","197.0","Healthy","0.0"
"res-E84XFGZ8","AI Platform","europe-west3","94.81","92.01","819.0","Healthy","0.0"
"res-I66UDVD3","Cloud Armor","europe-north1","48.47","70.78","5511.0","Healthy","0.0"
"res-DYPURO0P","Cloud SQL","us-east1","10.28","50.53","776.0","Medium Risk - Rightsize Resource","310.4"
"res-N1Q1Z73E","Cloud Build","asia-southeast1","76.58","6.03","2651.0","Low Risk - Review Memory Allocation","530.2"
"res-LWK6DJPU","Dataflow","australia-southeast1","32.91","22.82","653.0","Low Risk - Review Memory Allocation","130.6"
